Keyword,count
방송,239
리플,221
일섭,179
평점,168
리플송,168
5점,166
재무,146
재무장,144
시윤,139
각성,139
스토리,112
스킨,110
금태,106
당첨,103
장비,103
주시윤,103
건공,100
사연,97
라니,95
미나,93
1점,89
카운터,85
스충,82
세계,81
이터,80
스트,80
분탕,79
건틀,78
정보,76
호라이즌,75
올려,75
침식,69
송이,69
유저,67
캐릭터,66
샤오,66
광고,66
샤오린,65
건틀렛,65
타이탄,62
몰루,62
힐데,61
시작,61
일본,58
함선,58
일러,57
연이,57
넥슨,55
관리,55
침식체,55
이벤트,55
17,55
마왕,54
렐릭,54
오르,51
메이즈,50
공속,50
주작,50
패치,50
호감,50
리세,49
오픈,48
사이드,48
우유,46
운영,45
2주,45
용혈,45
클라리넷,44
주인,44
는다,44
플레이,44
가은,43
반응,43
출시,42
2주년,41
루크,41
공식,41
……,41
사장,41
프로,40
리타,40
공지,40
회사,40
솔저,40
유지,40
서윤,40
마지,39
나유빈,39
구관,39
상연이,39
티어,39
리플송이,39
스비,38
존버,38
황태자,38
40,38
컨소,38
만원,38
건공이,38
얼굴,37
비틱,36
한국,36
구걸,36
추첨,36
편지,36
쿼츠,36
되는데,35
챈에,35
레시아,35
성공,35
한건,35
하림,35
상태,35
번에,35
오르카,35
살아,34
능력,34
기네,34
뉴비,34
쿠폰,34
성능,34
스타,34
채용,34
루크레시아,34
이러,34
ID,34
한섭,34
14,34
아이패드,33
오로치,33
7t,33
추천,33
같아서,32
~~,32
정신,32
상황,32
중첩,32
방송에,31
그림,31
달라고,31
준다,31
이름이,31
양하,31
재미,31
로비,30
과금,30
친구,30
수준,30
미나링,30
어제,30
거리,30
애가,30
무리,30
110,30
하다가,30
천장,30
정말,29
설명,29
떡밥,29
인듯,29
체스,29
배신,29
운동,29
관리자,29
이노,29
파밍,29
사도,29
에델,29
초에,29
했으면,29
생각하면,28
가챠,28
미안,28
애초,28
기대,28
리플레이서,28
했지,28
내려,28
가지고,28
혹시,27
저런,27
초반,27
유나,27
셋바,27
의외로,27
모든,27
게이야,27
나와서,27
오퍼,27
스마,27
였음,27
점은,27
하는건,27
응애,27
컨텐츠,27
소대,27
타오린,26
한게,26
웃기네,26
유진,26
크리,26
~~~,26
카운터사이드,26
SR,26
있었음,26
나름,26
개인,26
된거,26
챌린지,26
점이,26
다리,25
ㅇㅈ,25
성녀,25
외전,25
메카,25
양하림,25
재화,25
등장,25
마음,25
200,25
알아,25
얘네,25
입갤,25
대적자,25
유미,25
념글,25
공익,25
쓰알,25
졌다,25
위에,25
각힐,25
보조,25
노래,24
1년,24
레지나,24
커피,24
방송에서,24
밑에,24
3개,24
생각보다,24
이해,24
자체가,24
실패,24
본섭,24
사고,24
의미,24
크레딧,24
방어,24
거는,24
로자,24
오는거,24
느낌이,24
확인,24
전투,24
말하는,24
--,23
핑챙,23
잠재,23
궁금,23
오토,23
안되는,23
시키,23
세븐,23
이미지,23
미나토,23
라오,23
메인,23
스킬,23
섭종,23
기분,23
되서,23
알려,23
남은,23
리세계,23
간이,23
만드는,23
당신,23
정도로,23
ON,23
저렇게,23
ﾜｯﾁｮｲ,22
캐오린,22
해외,22
년이,22
안된,22
겜은,22
모네,22
섭은,22
방송이,22
유저들,22
주작이,22
보인,22
학교,22
목소리,22
45,22
댓글,22
좋다,22
인생,22
인기,22
전당,22
해야지,22
케이스,22
서버,22
클로저스,22
할만,22
벌써,21
직원,21
애들은,21
모습,21
조건,21
걱정,21
스킵,21
함선체스,21
까진,21
확률,21
거고,21
은근,21
약간,21
개선,21
앞으로,21
뭐가,21
정상,21
몰라,21
반대,21
일섭에,21
홍어,21
시기,21
www,21
융핵,21
삭제,21
양한,21
돌아가,21
있게,21
버튜버,21
챈럼,20
레벨,20
혼자,20
옛날,20
줬으면,20
금상,20
선물,20
같긴,20
해보니,20
확실히,20
사원,20
방금,20
앞에,20
써야,20
분기,20
진다,20
주인공,20
이니까,20
sr,20
님이,20
대사,20
ㅅㅂㅋㅋ,20
엌ㅋ,20
베로니카,20
주지,20
사진,20
T7,20
루시드,20
시스템,20
카일,20
하러,20
시즌,20
계정,20
어디서,20
였는데,20
왔는데,20
스트라이크,19
소녀,19
내고,19
출격,19
마망,19
고민,19
했을,19
퍼블,19
다이브,19
기어,19
pve,19
엌ㅋㅋ,19
맞지,19
싶어,19
말해,19
받는,19
아무리,19
포기,19
유미나,19
설정,19
안돼,19
생각함,19
가야,19
오랜,19
여기서,19
않음,19
그나마,19
포인트,19
어어,19
온거,19
아니지,19
엄청,19
예정,19
영상,19
이란,19
공략,19
이야기,19
버프,19
놈이,19
4만,18
그러니,18
권한,18
못함,18
없다고,18
좋지,18
안됨,18
중간,18
한달,18
5점을,18
때까지,18
물론,18
대놓고,18
<~~~,18
고수,18
피감,18
1월,18
보스,18
잘해,18
류금태,18
본거,18
까지는,18
치후유,18
브금,18
이젠,18
아까,18
안에,18
템이,18
먹기,18
보기,18
제이,18
개같이,18
세상,18
미래,18
관리국,18
중인,18
예전에,18
받은,18
콜라보,18
정도는,18
도장,18
-4,18
미니,18
않아,18
3점,18
나온다,18
평가,18
놓은,18
님들,18
거로,18
현재,18
최고,18
그러고,18
상관,18
프린트,18
나오고,18
감사,18
도마,18
레이드,17
유지닝,17
중요,17
안한,17
하라고,17
관남충,17
쓰레기,17
나오는거,17
나네,17
표정,17
두고,17
ㄷㄷㄷㄷ,17
팩트,17
머리가,17
밀리아,17
속이,17
사기,17
클리토리스,17
에이미,17
안하는,17
있었는데,17
좆같은,17
여캐,17
엌ㅋㅋㅋ,17
하나도,17
관심,17
라지,17
이수연,17
당연히,17
무게,17
이래,17
직접,17
1-4,17
생긴,17
복귀,17
허메골,17
상위,17
치피,17
이를,17
뒤로,17
남아,17
박고,17
초기,17
카사가,17
건지,17
구글,17
데스,17
테러,17
못한,17
비슷한,17
노예,17
클리포트,17
양한솔,17
아마,17
한듯,17
지금은,17
뭐임,17
소림,17
줘도,17
별점,17
개추,17
속도,17
열심히,17
캐는,17
쓸만,17
해라,17
확정,17
않은,17
점수,17
멸망,17
준비,17
하려면,17
관총,17
보인다,16
다는데,16
싸움,16
신디,16
이번에,16
박는,16
하더라,16
크리스,16
같던데,16
친다,16
인자,16
아버지,16
모르는,16
있긴,16
미야,16
슈퍼,16
자꾸,16
기본,16
체력,16
쥬지,16
받고,16
잡고,16
오른,16
거라고,16
말은,16
쳐서,16
방어구,16
만들고,16
라인,16
올라가,16
고생,16
리더,16
맞을,16
7티,16
겜에,16
행복,16
---,16
와야,16
타이탄이,16
34,16
많아서,16
유닛,16
주기,16
서로,16
5개,16
혜자,16
타는,16
흔들,16
그러면,16
기능,16
각성캐,16
도시,16
사장님,16
테니,16
후에,16
보급,16
저건,16
함께,16
흑인,16
힘을,16
잇음,16
이면세계,16
스나,16
맞아,16
대장,16
모름,16
아예,16
기니피그,16
픽업,16
ㅅㅂㅋㅋㅋ,16
당첨된,16
이겜,16
최근,16
없으니,15
마리아,15
따로,15
치킨,15
알아서,15
불가,15
빼고,15
크리스마스,15
이터니움,15
때부터,15
내년,15
가치,15
같지,15
차원,15
수는,15
관검,15
맨땅,15
데도,15
때도,15
등급,15
보셈,15
거다,15
부옵,15
나오기,15
전장,15
팬드,15
반에,15
다른거,15
허메골골,15
나랑,15
안남,15
드립,15
개꿀,15
3별,15
월광,15
버전,15
일듯,15
격전,15
굳이,15
호라이즌의,15
비추,15
있으니,15
항상,15
못하는,15
엌ㅋㅋㅋㅋ,15
t7,15
높은,15
꿀잼,15
챈에서,15
상품,15
자유,15
기계,15
좆데,15
상향,15
네헤모트,15
<~~~~,15
강화,15
것은,15
영하,15
이명,15
물이,15
분탕이,14
ㄴㄴ,14
상연이가,14
달아,14
서비스,14
올려줄,14
싶은데,14
인겜,14
아냐,14
적어도,14
이프,14
있다고,14
먹은,14
그러니까,14
잘한,14
가라,14
대시,14
갓겜,14
인정,14
미안하다,14
시영,14
지피,14
인증,14
방송은,14
카챈,14
절대,14
5종,14
언급,14
용하,14
아니다,14
말로,14
카피디,14
취향,14
스펙,14
난다,14
내리,14
싶음,14
짤이,14
소문,14
썼는데,14
생각해보니,14
공격,14
상한,14
금태가,14
이로,14
일반,14
2년,14
소탕,14
다니는,14
뽑기,14
맞춰,14
저게,14
비해,14
여자애,14
씹덕겜,14
SSR,14
델타,14
특히,14
줘서,14
하며,14
올리는,14
정액,14
----,14
주십쇼,14
즈나,14
ㅇㄷ,14
각시윤,14
해봐,14
캐릭이,14
2일,14
점에서,14
패키지,14
그는,14
위로,14
공개,14
해준,14
뭐냐,14
매일,14
당한,14
베로롱,13
시발ㅋㅋ,13
집에,13
없노,13
수록,13
받을,13
우선,13
들어서,13
아무것도,13
봐서,13
릴리,13
덕분에,13
공간,13
시그마,13
마자,13
닥등이,13
같노,13
피해,13
어라,13
머지,13
4만원,13
아라한,13
공중,13
망한,13
밸런스,13
마지막에,13
무료,13
게임에,13
바람,13
못할,13
인공지능,13
쪽이,13
아깝,13
나쁘지,13
구관검,13
나쁜,13
인식,13
남캐,13
-1,13
대부분,13
나올때,13
선택권,13
퀸이,13
없어도,13
방법,13
ㄷㄷㄷㄷㄷ,13
버리고,13
소환,13
구관총,13
중국,13
컴퓨터,13
-----,13
있어야,13
무지성,13
딱히,13
비에,13
자세,13
써서,13
예상,13
완성,13
도대체,13
슬슬,13
기사단,13
해보면,13
할아버지,13
티어표,13
델타세븐,13
신은,13
효율,13
데이터,13
틀딱,13
길티기어,13
팬티,13
용이,13
유명,13
반대로,13
공부,13
스토리에,13
2점,12
중에서,12
가능한,12
질문,12
기억이,12
------,12
발이,12
있는게,12
분위기,12
도와,12
친거,12
클라레스,12
지어,12
진자,12
처리,12
안하고,12
중인데,12
가는게,12
모유,12
크게,12
지금도,12
뻔뻔,12
해줄,12
업글,12
카사를,12
검은,12
이정도,12
순수,12
신캐,12
구원,12
아닌거,12
보면서,12
마치,12
했지만,12
조각,12
그러고보니,12
부탁,12
벌레,12
모델,12
끝까지,12
시간이,12
사서,12
주는거,12
똑같이,12
한다는,12
수치,12
없잖아,12
고3,12
이러면,12
카나데,12
공식방송,12
애사심,12
김소빈,12
할지,12
대가리,12
캐릭은,12
아무튼,12
빠밤이,12
미션,12
생김,12
개웃기네,12
블루프린트,12
간을,12
아래,12
그렇지,12
조디악,12
우린,12
찮아,12
피규어,12
스파,12
신경,12
어쩌구,12
일섭에서,12
야스,12
카린,12
찍먹,12
나와야,12
날에,12
현실,12
나가는,12
리스트,12
거기에,12
이지수,12
기념,12
만화,12
저리,12
유진이,12
스커,12
무도,12
접는,12
선생님,12
부족한,12
코핀,12
폐급,12
4코,12
스킨이,12
멈춰,12
보는데,12
쓴다,12
눈을,12
이었음,12
0이,12
진심,12
패스,12
클리셰,12
회로,12
디자인,12
재밌게,12
되네,12
했었는데,12
보장,12
끼리,12
몇개,12
말에,12
있냐,12
많음,12
케오린,12
외부,11
타워,11
커뮤,11
것들,11
클스,11
제작,11
개인적으로,11
할거같은,11
담주,11
프레임,11
루크레시아가,11
평점구걸,11
기업,11
1개,11
준다고,11
자고,11
같고,11
해주는,11
축하,11
보조장비,11
키즈나,11
말이야,11
불러,11
가능성,11
무장이,11
보상,11
말라,11
튜바,11
주네,11
포함,11
뽑을,11
중간에,11
순위,11
괜히,11
건공이죠,11
평켓단,11
오는데,11
깡우,11
둘이,11
귀여운,11
5점은,11
회복,11
중임,11
급이,11
뽑아서,11
어쩔,11
초반에,11
사업,11
먹음,11
받음,11
맞다,11
아무도,11
배경,11
옵션,11
아무래도,11
저도,11
사건,11
보이는데,11
역할,11
소모,11
발사,11
걸려,11
그정도,11
모두,11
출신,11
실제,11
문상,11
하려고,11
아ㅋㅋ,11
빨간,11
생각은,11
무시,11
발언,11
맞고,11
모니터,11
여신,11
꺼내,11
보이네,11
만족,11
저희,11
해결,11
보이냐,11
않고,11
이후로,11
박상연,11
겨우,11
말을,11
소미,11
오랜만에,11
기한,11
같기도,11
차라리,11
프로필,11
화풍,11
캐릭들,11
되는게,11
내놔,11
걸까,11
클리어,11
급으로,11
강해,11
아아악,11
고로시,11
시체,11
치명,11
치나츠,11
했으니,11
류드,11
소설,11
인원,11
얘는,11
마크,11
차단,11
올해,11
감사합니다,11
인물,11
지부,11
것을,11
에픽,11
가도,11
잘하면,11
라이브,11
특수기,11
자기가,11
돌릴,11
업데이트,11
어째,11
박살,11
된다고,11
좋을,11
받으면,11
가장의,11
비를,11
공군,11
달에,11
상점,11
맘에,11
나올거,11
ㅅㅂㅋㅋㅋㅋㅋ,11
12월,11
낸다,11
업뎃,11
상황에,11
게임은,10
겠지만,10
되게,10
먹어서,10
힐데가,10
도전,10
취급,10
위한,10
그것도,10
생방,10
새끼가,10
망가,10
면허,10
알았는데,10
보다는,10
반응이,10
할인,10
각수연,10
가진,10
애정,10
유도,10
다음에,10
솔져,10
머임,10
할게,10
쓴거,10
은근히,10
받아서,10
감동,10
준거,10
매력,10
봤을,10
산타,10
관계,10
에리어스,10
없을듯,10
보아,10
레전드,10
박으면,10
않냐,10
퀸은,10
공속이,10
월정액,10
테라사이드,10
해야함,10
전부터,10
당첨자,10
세계에,10
타고,10
안정적인,10
재료,10
채용권,10
서브,10
올린,10
뭐지,10
레이가,10
애는,10
이탈,10
이겨,10
되니까,10
공인,10
씹창,10
끝내,10
아카데미,10
하겠지,10
해봄,10
좋네,10
니가와,10
그저,10
효과,10
회피,10
강한,10
일러레,10
사연이,10
가수,10
밥이,10
심도,10
불가능,10
각성이,10
대해,10
150,10
드는데,10
돌려서,10
7티어,10
많네,10
없으니까,10
중복,10
시청자,10
저기,10
지들,10
갖고,10
운이,10
제이크,10
놈들이,10
원하는,10
해야하는,10
되기,10
스샷,10
눈이,10
모르겠음,10
성장,10
체감,10
무장은,10
리뷰,10
ㄱㅅ,10
전략전,10
나이엘,10
인류,10
짜리,10
화를,10
먹으면,10
자신의,10
동네,10
ㅈㄹ,10
3종,10
매출,10
햇음,10
했다고,10
기절,10
3코,10
무과금,10
우리가,10
운전,10
ﾜｯﾁｮｲW,10
배달,10
작년,10
카메라,10
끼고,10
컵라면,10
5일,10
수시,10
적을,10
악역,10
타이밍,10
새끼들이,10
배너,10
나왔으면,10
사람은,10
기원,10
힘들어,10
해보고,10
안함,10
안하면,9
남들,9
에피,9
에델이,9
소개,9
몸이,9
떡상,9
지역,9
한방,9
로자리아,9
개를,9
안될,9
잘만,9
좋은거,9
될듯,9
관리자가,9
점점,9
있잖아,9
당첨이,9
다음주,9
자신을,9
끼는,9
잔당,9
듯한,9
아재,9
각유나,9
따먹기,9
방식,9
캐릭터가,9
니네,9
저번,9
에블린,9
응모,9
링크,9
인게임,9
피셜,9
곳에,9
ㄱㄷ,9
수를,9
복구,9
마냥,9
글이,9
고의,9
웃긴,9
심은,9
2차,9
전복,9
세라펠,9
해줬으면,9
용검,9
뚫고,9
가까이,9
서윤은,9
전체,9
웃김,9
왠지,9
나온거,9
초딩,9
안나옴,9
37,9
딜러,9
뿌리고,9
도를,9
wwwww,9
홍보,9
하는거지,9
나이츠,9
11월,9
줄거임,9
금방,9
디펜더,9
모르겠다,9
스피라,9
알트,9
난로,9
수급,9
세계를,9
진정한,9
요즘은,9
해주세요,9
보는거,9
ㅇㅈㄹ,9
대학,9
중섭,9
감성,9
재무장이,9
했나,9
적용,9
신화,9
심한,9
초월,9
번호,9
소림이,9
까지만,9
밸패,9
맨날,9
2020년,9
처음부터,9
좋겠어,9
마이,9
좋은데,9
어째서,9
프레데릭,9
1위,9
어딜,9
일섭이,9
참지,9
박이,9
단말,9
끌어,9
클저,9
내면,9
나나하라,9
쪽에,9
나오는데,9
야한,9
수정,9
옆에,9
냄새,9
드디어,9
재무장은,9
경험,9
시리즈,9
로리,9
침식파,9
명함,9
구한,9
따지,9
누군가,9
위치,9
신비,9
없긴,9
몇몇,9
소속,9
이럴,9
나한테,9
심지어,9
죄다,9
듯이,9
대의,9
실제로,9
있다는,9
하던데,9
조합,9
되노,9
알렌,9
일본에서,9
한명,9
스알,9
협력전,9
106,9
위키,9
튜브,9
않다,9
속에,9
비틀,9
적은,9
하는걸,9
말하는거,9
그렇다고,9
건에,9
기체,9
온다고,9
문학,9
광고는,9
10강,9
바니걸,9
평점이,9
좋겠음,9
이대로,9
스킨은,9
여성,9
타입,9
비슷해,9
같은건,9
이계,9
고정,9
가기,9
아나,9
일섭애들,9
카드,9
있어도,9
테니까,9
고대,9
곳이,9
무기챌,9
스토어,9
운영이,9
애니,9
채널,9
아니야,9
좋긴,9
완장,9
약한,9
장르,9
무난하게,9
불만,9
쓰던,9
2일차,9
10도,8
경품,8
요소,8
일부러,8
친구들,8
버스,8
말해서,8
존나게,8
윌버,8
분은,8
2000,8
카운트,8
다만,8
아이리,8
클라리스,8
스트레스,8
게이는,8
혹은,8
위주,8
그런건,8
선이,8
장난,8
뜻이,8
승목이,8
장치,8
보여주는,8
등등,8
그림자,8
몬가,8
목표,8
한번에,8
경직,8
생각나네,8
주로,8
상도,8
자위,8
종결,8
스틸,8
담배,8
높아,8
제한,8
쉬고,8
것이다,8
한참,8
옛날에,8
같으면,8
길드,8
맞나,8
문의,8
요구,8
먼가,8
새끼야,8
평타,8
아는데,8
같은게,8
넥슨이,8
부모님,8
이지랄,8
필요함,8
뜨면,8
된다는,8
해외섭,8
하느라,8
같애,8
타이탄의,8
담당,8
존재,8
ssr,8
데려,8
단순,8
버림,8
1주,8
사람도,8
자체는,8
봉인,8
받네,8
만든다,8
하다보면,8
시발ㅋㅋㅋ,8
들면,8
누나,8
일본섭,8
틀리,8
용병,8
챈럼이,8
거리는,8
낮은,8
유튜브,8
지라도,8
최강,8
이득,8
한편,8
딱딱,8
클라리넷이,8
엉덩이,8
일은,8
여자애가,8
결과,8
최근에,8
퀴즈,8
도미닉,8
교복,8
금태는,8
바나나,8
2번,8
클로디아,8
틀린,8
한거지,8
쓰는거,8
나온다고,8
공익이,8
하루에,8
각한솔,8
누군지,8
때가,8
스비가,8
평점은,8
하나만,8
한숨,8
없었다,8
얘들,8
듣고,8
드라코,8
번만,8
고작,8
알렉스,8
가입,8
우리도,8
<-,8
좆망,8
카테고리,8
말도,8
풀어,8
생각해보면,8
보여준,8
계산,8
잡스충,8
가짜,8
줄은,8
성적,8
그린,8
처음에,8
믿고,8
기준,8
것과,8
육개장,8
달고,8
6월,8
갔을,8
조용히,8
보여줘,8
스토리가,8
온천,8
너가,8
게임을,8
주인공이,8
한거임,8
인플레,8
거긴,8
뭔데,8
송승목,8
체체,8
당당하게,8
종료,8
포지션,8
ㅋㅋ아,8
당시,8
요약,8
기상,8
맛이,8
줘라,8
쉬운,8
흑화,8
많고,8
지옥,8
너희,8
선착순,8
고양이,8
민심,8
지난,8
정리,8
숫자,8
대표,8
이벤트로,8
드림,8
할말,8
마인드,8
건공ㅋㅋㅋㅋ,8
라니가,8
차려,8
소리가,8
버그,8
레드,8
솔이,8
친선전,8
세워,8
모르겠는데,8
안쓴,8
생각을,8
할거면,8
글에,8
각서윤,8
유사,8
간거,8
하던가,8
<<,8
나다,8
모작,8
채굴,8
결혼,8
재밌는,8
최후,8
뛰어,8
접시,8
힐데는,8
에디,8
맘마줘,8
들어갈,8
적도,8
몇명,8
펜릴,8
ㅡㅡ,8
탱커,8
돌아야,8
망함,8
통수,8
하셈,8
조금씩,8
도게자,8
보급작전,8
말하면,8
않았나,8
끌고,8
ㄱㅅㄱㅅ,8
허접,8
이딴,8
캐빨,8
손해,8
기분이,8
알트소대,8
8지,8
안가,8
소신,8
저걸,7
이전,7
유저가,7
한이,7
용은,7
타이탄은,7
못참지,7
혼자서,7
6개,7
제국,7
모르겠네,7
쫄작,7
두면,7
완전히,7
작은,7
터지는,7
빌드업,7
딜이,7
본섭에,7
잇던,7
하지마,7
겜을,7
안경,7
준다는,7
퍼즐,7
펀치,7
전혀,7
그때까지,7
건틀렛에,7
망했다,7
타락,7
화가,7
라오는,7
키면,7
퇴근,7
일일,7
넣고,7
오브,7
몸을,7
있더라,7
축전,7
싶으면,7
크로스,7
이제와서,7
엌ㅋㅋㅋㅋㅋ,7
6시,7
용혈을,7
이용,7
바꾼,7
싶어서,7
서울대,7
연말,7
아군,7
2시간,7
<~~~~~,7
배신자,7
수밖에,7
로그인,7
생일,7
남자가,7
흔들어,7
병신이,7
오르카는,7
고개,7
페이지,7
야해,7
ntr,7
바꿀,7
유마,7
자아,7
컨셉,7
주작이야,7
픽시브,7
명중,7
하다보니,7
꼴려,7
믿어,7
못하고,7
의견,7
향해,7
뭐시기,7
맘마통,7
뒤진,7
세계에서,7
면역,7
고인,7
건은,7
그랬음,7
2주년때,7
금상이,7
속으로,7
정예,7
면이,7
되려,7
신규,7
뭐고,7
커버,7
분들,7
라라,7
요새,7
1등,7
자도,7
비숍,7
똑같은,7
신뢰,7
뭐노,7
해봤는데,7
기존,7
500명,7
해주면,7
그만큼,7
생각했는데,7
박혀,7
착한,7
나야,7
캐릭도,7
된다면,7
하늘,7
해놓고,7
칼로,7
테라브레인,7
페그오,7
슈퍼뉴,7
지렁이,7
매카노,7
할땐,7
한걸,7
선다,7
행사,7
나긴,7
300,7
거봐,7
발표,7
한섭에,7
돼서,7
있었네,7
5ch,7
날개,7
몇번,7
종이,7
메카닉,7
하는중,7
한국인,7
할수도,7
과연,7
보라고,7
각힐이,7
나무,7
본다,7
없냐,7
설령,7
서폿,7
울리는,7
주인님,7
블랙,7
한놈,7
목록,7
얻어,7
학교에,7
말대꾸,7
강제,7
한지,7
여전히,7
부사장,7
호라이즌이,7
귀여움,7
pvp,7
있는건,7
프로토스,7
집어,7
박힌,7
만듬,7
현장,7
재등이,7
1일,7
대적자가,7
파일,7
야짤,7
있을거,7
나오나,7
지금까지,7
허벌,7
스토리상,7
신지,7
당신의,7
눈나,7
떨어져,7
전용,7
비상,7
일을,7
찍고,7
찍으면,7
그러게,7
다오,7
이자,7
카스,7
성에,7
최적화,7
건에서,7
안해서,7
ㄹㅇㅋㅋㅋ,7
최고의,7
줬음,7
ㅅㅂㅋㅋㅋㅋㅋㅋ,7
저들이,7
훨씬,7
와이,7
될까,7
개발사,7
일정,7
가능함,7
최면,7
시발ㅋㅋㅋㅋ,7
뿌려,7
많을,7
복각,7
필수,7
않으면,7
당신은,7
각우,7
맞네,7
나는데,7
수준이,7
하나가,7
해주고,7
오우,7
드라마,7
20개,7
자신이,7
그런듯,7
돌림,7
갔다,7
비슷하게,7
돼지,7
초코,7
접은,7
들려,7
건틀릿,7
기채,7
레이한테,7
키고,7
그림체,7
파악,7
괜찮은,7
힘이,7
일본애들,7
마왕이,7
버스터,7
다르게,7
클리파,7
하도,7
뿌림,7
쳐도,7
힘듬,7
말한,7
유명한,7
얼굴이,7
드랍,7
장비는,7
나는게,7
찍은,7
오더라,7
4개,7
공은,7
안씀,7
뒤질,7
아웃,7
생각하는,7
녀석,7
창작,7
하는지,7
굴러,7
신작,7
웃음,7
쿼츠로,7
일붕이,7
없던,7
안쓰는,7
왜없어,7
일하고,6
맞춰서,6
안내,6
시점에서,6
길게,6
있었을,6
왼쪽,6
오르는,6
음성,6
주화,6
7T,6
줘요,6
셋옵,6
궁극기,6
쉽게,6
안나오는,6
오나홀,6
까는,6
들여,6
로마,6
감정,6
나와도,6
걔는,6
카운트다운,6
어찌,6
쉴드,6
이것도,6
이걸로,6
캐릭터는,6
싶었는데,6
주는건,6
한번만,6
젊은,6
야하고,6
쓰기,6
위주로,6
가족,6
못해서,6
꼬우면,6
불족,6
메스충,6
스포,6
사원들,6
상황이,6
핵이,6
거대한,6
웃기네ㅋㅋㅋ,6
3이,6
라던가,6
주는데,6
스토리에서,6
갈수록,6
개노,6
격차,6
난이도,6
미친놈,6
모른,6
무친,6
할아버지가,6
금발,6
용언,6
약함,6
딴거,6
아니니,6
파이어,6
것보다,6
파는,6
좆나,6
말라고,6
반격,6
선택권은,6
살짝,6
나를,6
있지만,6
디피,6
말이다,6
귀엽다,6
고마워,6
50%,6
5점광고,6
말고는,6
모션,6
본적,6
뿌링클,6
보이스,6
정답,6
형님,6
루시드는,6
큰거,6
시엔,6
어릴,6
ㅇㅈ이지,6
인생이,6
튜닝,6
구하는,6
입사,6
각성솔저,6
적성핵,6
사이드의,6
5번,6
미국,6
행방,6
매칭,6
피자,6
됐나,6
쌍욕,6
3번,6
같은걸,6
달린,6
화이트래빗,6
댕시,6
두번째,6
박은,6
가이,6
가능해,6
20세기,6
쓰이는,6
월광뽑,6
동시에,6
알려줘,6
1시간,6
한정,6
케이시,6
했던거,6
휴먼,6
몸에,6
되겠어,6
피로,6
가게,6
부분은,6
붙은,6
보이지,6
스커피,6
3장,6
것만,6
메이드,6
잠재옵,6
보세요,6
소리를,6
있으니까,6
까칠까칠,6
가챠겜,6
덩어리,6
창녀,6
도시락,6
줄임말,6
캐오린은,6
카인,6
재밌네,6
재밌어,6
102,6
받았으면,6
너무나,6
구인,6
주면서,6
애들도,6
터치,6
호불호,6
그런게,6
유출,6
답변,6
ㅠㅠㅠ,6
이게임,6
겜에서,6
일하는,6
줬는데,6
하자마,6
저히,6
한국에서,6
샤오린이,6
방송보다,6
여장,6
카케,6
출력,6
리플킹,6
해봐야,6
끝난,6
봤음,6
스킬북,6
가격,6
건이,6
불금,6
무한,6
실시,6
주는게,6
재미가,6
돈이,6
진작에,6
여름,6
자계,6
ㄹㅇ임,6
파워,6
얻는,6
하는것도,6
모여,6
정보가,6
노무현,6
너지,6
괜찮다,6
엔터,6
좋았음,6
서사,6
필요한,6
나오더라,6
빵빵,6
대기,6
천천히,6
튼튼,6
조디악나이츠,6
대를,6
중첩작전,6
되는거지,6
언젠가,6
실루엣,6
합성,6
100개,6
모르겠고,6
멍청한,6
추정,6
구관리국,6
넘게,6
레나,6
말곤,6
아십니까,6
던져,6
오래된,6
진심인,6
찍는,6
전원,6
안녕,6
숙제,6
이길,6
랜덤,6
던전,6
주문,6
응애맘마줘,6
7월,6
사원이,6
완벽,6
발생,6
리코리스,6
이뻐,6
방주지령,6
등장할,6
복장,6
라투디,6
올라온,6
놀이,6
답이,6
햇던,6
구원기사단,6
접음,6
용을,6
졸라,6
이번엔,6
소녀가,6
얼마전,6
땜에,6
그걸로,6
비교,6
뽑고,6
문제가,6
좆도,6
괜찮나요,6
대깨카,6
동생,6
체방,6
에픽세븐,6
빼면,6
몰라도,6
스츙,6
최종,6
접속,6
이유도,6
폭주,6
크로스로드,6
어림도,6
10개,6
방법이,6
2021년,6
가네,6
손을,6
트위터,6
뿌린,6
놈은,6
웨딩,6
구매,6
뜨네,6
1은,6
반이,6
시키는,6
잊지,6
천박한,6
지켜봐야,6
귀족,6
소빈이,6
왔음,6
하랍,6
동기,6
비율,6
뮤탈,6
끝나면,6
주간,6
시킨,6
글을,6
부는,6
다름,6
온갖,6
변태,6
가는거,6
잇다,6
아오,6
도전자,6
서윤이,6
로비취향,6
블루아카,6
아이패드는,6
레이는,6
154,6
골디,6
깜짝,6
강제로,6
재무장으로,6
꽤나,6
고기,6
이새끼들,6
4점,6
카사에서,6
닉네임,6
잔해,6
육익,6
국가,6
가려,6
킹은,6
좋지만,6
대포,6
보고서,6
기니피그들,6
있겠지,6
한마디,6
중세,6
치자,6
게임사,6
시가,6
잇고,6
1점운동,6
알았음,6
드리죠,6
입고,6
될거라,6
취미,6
재밌다,6
적당히,6
념글에,6
다하고,6
위해서,6
그니까,6
신들,6
제티,6
사퍼,6
하시는,6
끝나고,6
첫번째,6
붙어,6
어깨,6
시작할,6
소영,6
시작하는,6
맞긴,6
비해서,6
당하고,6
겜이라,6
1코,6
생각이다,6
정확히,6
와중에,6
현타,6
드네,6
나쁘진,6
일붕이들,6
있었나,6
응원,6
스킵이,6
편인데,6
콘이,6
새로운,6
쪽으로,6
하고싶다,6
기술,6
좋아함,6
정작,6
굿즈,6
뻔뻔해서,6
했어도,6
겜인데,6
않는다,6
프리데,6
신청,6
좋더라,6
치는데,6
저녁,6
암튼,6
보소,6
잘해서,6
처음엔,6
뭔지,6
바닥에,6
09,6
쉬움,6
생각남,6
전의,5
파견,5
당함,5
공유,5
외주,5
너두,5
베로롱이,5
T6,5
스타트,5
재는,5
표정으로,5
아가에델,5
1월에,5
우연,5
봤다,5
최피제,5
암시,5
나을,5
하렘,5
주냐,5
미소,5
있었던,5
속에서,5
웃겨,5
이번주,5
사면,5
내년에,5
오름,5
이유미,5
데미지,5
어떻게든,5
보이긴,5
모를,5
빠르네,5
15일,5
담달,5
아르티,5
하기도,5
나오긴,5
황태자가,5
여친,5
코인,5
납치,5
밥도,5
얼어,5
가라고,5
루미,5
남녀,5
5점줌,5
빠는,5
전투력,5
고개를,5
5%,5
안한다,5
카운터사이드의,5
않지,5
구조,5
열등감,5
건틀렛이,5
있다가,5
어쩐지,5
그새끼,5
머리를,5
되긴,5
입소문,5
쓰는데,5
류드밀라,5
수집가,5
맘대로,5
개꿀잼,5
성공한,5
하나는,5
하네ㅋㅋ,5
걔가,5
주작임,5
어질어질,5
정말로,5
ㅎㅎ,5
내주면,5
시스템이,5
가긴,5
유저수,5
침식체가,5
했었음,5
싫어서,5
버틸,5
5점으로,5
미래시,5
렐릭챌,5
조종,5
여론,5
카사의,5
국산,5
능력을,5
유나가,5
도감,5
했어야,5
노린,5
우울증,5
카붕이들이,5
느김,5
한대,5
이제는,5
많다,5
만들어진,5
원신,5
2주년까지,5
원탑,5
라이더,5
테섭,5
갈갈,5
이러다,5
안된다면,5
가방,5
특별한,5
결제,5
5분,5
안되나,5
써야지,5
괜찮아,5
루퍼,5
오토덱,5
진짜ㅋㅋ,5
닉이,5
업슴,5
축복,5
넬슨,5
라르고,5
얼리버드,5
끝날,5
SD,5
공지에,5
하길래,5
이름도,5
금딱,5
좆같다,5
불꽃,5
리타는,5
눈으로,5
건물,5
폰겜,5
흔한,5
있었고,5
부계,5
세계가,5
리그,5
공포,5
만든다고,5
짤을,5
있을듯,5
씹호,5
해보니까,5
갈때,5
개웃기네ㅋㅋ,5
봤으면,5
조정,5
300명,5
정신이,5
솔리,5
때리고,5
다함,5
씹ㅋㅋ,5
킨다,5
자리에,5
몰라서,5
불러서,5
평의회,5
상태로,5
왤캐,5
일도,5
좋아서,5
뒤에서,5
귀여워,5
평소,5
그치,5
달라는,5
올라오는,5
성능이,5
구림,5
행복한,5
게임이나,5
주라,5
됐으면,5
미스틸테인,5
중국인,5
별개,5
아니노,5
방송보면서,5
원본,5
얘가,5
건공ㅋㅋㅋㅋㅋ,5
나갈,5
총을,5
한번씩,5
알았어,5
좆같음,5
같으니,5
이만,5
죽일,5
도장이,5
성격이,5
그럴수,5
좋아할,5
같긴함,5
미나가,5
스레,5
야이,5
지피감,5
2호,5
뜻함,5
커미션,5
욕심,5
돈으로,5
싸우는,5
엘자,5
없는건,5
드립니다,5
로우큐,5
되던,5
2주년에,5
신체,5
상위호환,5
재밌음,5
4명,5
먹을거,5
비슷해서,5
해보세요,5
통일,5
성역,5
머리에,5
데리고,5
용의,5
사람들은,5
그쪽,5
구함,5
붉은,5
상당히,5
평켓단이,5
보조챌,5
증명,5
시윤이랑,5
싸이,5
잘함,5
일방적,5
좋았을,5
실례가,5
소문이,5
민주주의,5
그래야,5
쓰지,5
레이첼,5
없다는,5
입장에서,5
한섭에서,5
나온지,5
니들,5
남이,5
유일하게,5
오노,5
공부법,5
못했다,5
채팅,5
이유가,5
느낌으로,5
시원하게,5
만드는데,5
미니스트라,5
이쪽,5
비슷함,5
신입,5
말이지,5
매우,5
부대,5
달리,5
하겠네,5
입에,5
1호,5
안되고,5
딜량,5
안해도,5
짤은,5
6개월,5
유저들이,5
포신,5
나올듯,5
영미권,5
개운이,5
빠르게,5
먹히는,5
했고,5
돌아가서,5
체스는,5
갈라치기,5
빨로,5
모은,5
불리,5
공식방송에서,5
자유계약,5
스충이,5
저랬,5
줄게,5
거니까,5
봤을때,5
않았냐,5
드래곤,5
버티고,5
입장에선,5
그렇고,5
잘못이,5
날이,5
싫어하는,5
양해,5
린시엔,5
허민,5
좆같이,5
빨대,5
넥슨은,5
대고,5
주시영,5
못봄,5
1점대,5
연습,5
좋고,5
올려줘,5
들어가서,5
미나링이,5
국내,5
스킨도,5
어따,5
주딱,5
따지면,5
1000명,5
말까,5
있기,5
버스터콜,5
좋다고,5
본거같은데,5
어캐,5
올림,5
디버프,5
그때는,5
아니지만,5
선배,5
1번,5
있을지,5
오타,5
거짓,5
생산,5
생긴거,5
맞는데,5
2년이,5
망해서,5
너네,5
눈에,5
들었는데,5
획득,5
소리는,5
주작이라,5
판매,5
이런게,5
아이디,5
나왔을,5
사는게,5
그가,5
했다가,5
수고,5
7챕,5
능지,5
소미야,5
봐라,5
겁니까,5
7지,5
스카이,5
건공이네,5
올리고,5
외모,5
나왔던,5
전설이다,5
귀찮아,5
정도가,5
뿐임,5
뭐함,5
육체,5
절로,5
여고생,5
비상구,5
화요일,5
컨소원,5
막을,5
그녀는,5
나의,5
5명,5
나노,5
금태의,5
리플송은,5
더한,5
저글링,5
ㄱㄴ,5
건공이었다,5
전개,5
그전에,5
게임에서,5
같다고,5
허가,5
쓸만한,5
보려고,5
시간을,5
일텐데,5
사업부,5
처음으로,5
고라니,5
스페인,5
도는거,5
오른쪽,5
밀고,5
최대한,5
만들기,5
죽이고,5
개씨발,5
편함,5
1점광고,5
쏟아,5
없었음,5
깊카,5
보장챌,5
즐길,5
계속해서,5
여신님,5
스충으로,5
귀찮음,5
태포,5
금태편지,5
갔음,5
저냥,5
R등급,5
나부터,5
낫지,5
그리스,5
안된거,5
눈물,5
거기는,5
고르디,5
하려는,5
점검,5
이새기,5
당해서,5
타라,5
많긴,5
팀장님,5
아닐가,5
가더라,5
랠릭,5
늘려,5
별명,5
3개월은,5
좋게,5
참여,5
치게,5
배리어,5
던파,5
러시,5
주던,5
가야지,5
게이야ㅋㅋ,5
티어표가,5
말대로,5
초기화,5
거잖아,5
미친년,5
상황에서,5
저한테,5
우유급식,5
싶지,5
연봉,5
운다,5
세개,5
226,5
앞머리,5
안되는거,5
마시고,5
모르지,5
어려움,5
뿌리는,5
하필,5
불만이,5
하든,5
나눔,5
공군덱,5
볼게,5
않네,5
적들,5
계단,5
함부로,5
1~2,5
호감임,5
500배,5
조만간,5
있노,5
인상이,5
내기,5
모바,5
상남자,5
갈림,5
어느정도,5
의지,5
메인에,5
만들었는,5
보여서,5
235,5
구별,5
나음,5
로비에,5
4월,5
이겜은,5
상대로,5
한쪽,5
이유리,5
플로라,5
경험치,5
실시간,5
니어,5
개수,5
촉매제,5
될지,5
추억이,5
걸을,5
커서,5
망했음,5
알비온,5
감각,5
사실상,5
때만,5
강소영,5
핵심,5
옆에서,5
돌리고,5
넥슨이라,5
시킬,5
이동,5
공식에,5
저번에,5
조금이라도,5
해주는거,5
이름임,5
봐야겠다,5
레벨이,5
거기서,5
오류,5
못하게,5
인격,5
광피감,5
아기,5
있을까,5
남겨,5
제시카,5
땅으로,5
기순,5
양반,5
잡음,5
구분,5
in,5
싸서,5
이계사무소,5
관리자는,5
무식한,5
듣기,5
웃기노,5
많은데,5
모델링,5
선행,5
영원히,5
햇으면,5
피오네,5
정도만,5
조교,5
3주,5
쥬지는,5
ㄷㄷㄷㄷㄷㄷ,5
입은,5
써도,5
장기,5
한소림,5
육성,4
독특한,4
같은데ㅋㅋ,4
송승목이,4
그중,4
그거도,4
한자,4
판정,4
후라이즌,4
평가가,4
할거같음,4
어쩌다,4
조아,4
단장,4
사연에,4
창에,4
없뎃,4
같은애들,4
생각도,4
버거지,4
세계관,4
침입자,4
두번째는,4
성우,4
오퍼뽑,4
이어지는,4
미군,4
거기가,4
디보션,4
소신껏,4
있을리가,4
클리파차원에,4
오랜생각이다,4
환급,4
슬픈,4
수많은,4
돌린,4
시작한,4
외전은,4
어쩔수,4
이런건,4
재밌었다,4
머영이,4
워프레임,4
못했음,4
올려줄거,4
초반엔,4
잔뜩,4
코가,4
서지,4
시키고,4
카운터가,4
아쉬움,4
넘은,4
도감에,4
템도,4
이디스,4
몸으로,4
어려운,4
주장,4
격전에서,4
꼴리는거,4
곳에서,4
꼴린,4
히사시부리,4
강해서,4
응디,4
엄마,4
1인,4
함선도,4
누렁이,4
전문,4
실비아,4
그렇다면,4
업는,4
누군가가,4
박살이,4
되는지,4
설정이,4
세계의,4
작전은,4
까이는,4
번을,4
붐은,4
돌려줘,4
문재인,4
만드는게,4
티오,4
학교에서,4
중요한,4
혼란,4
기억안남,4
없다면,4
100렙,4
아마도,4
3시,4
화기,4
당신이,4
개이득,4
찍음,4
늦게,4
만들어서,4
띄우고,4
떨어지는,4
미쳤네,4
코로나,4
잠시,4
도저히,4
맥주,4
오르카가,4
떨어진,4
힘들거,4
캐릭터들이,4
글자,4
땡큐,4
게임들,4
ㅜㅜ,4
가면서,4
클로렐라,4
무언가,4
많지,4
생각해봄,4
나임,4
SEA,4
1도,4
ㅆㅅㅌㅊ,4
대답해봐,4
푸른,4
못하면,4
나이트,4
외의,4
맨땅계,4
5배,4
점심,4
일수도,4
할만함,4
한편으론,4
대지,4
어릴때,4
세계는,4
30%,4
이년,4
얘네들,4
맞아서,4
거짓말,4
주말에,4
이새기들,4
백퍼,4
업보,4
맞을거,4
주시윤도,4
할텐데,4
개시,4
맞출,4
버릴,4
허버허버,4
제이나,4
주자,4
안먹는,4
주시윤을,4
빌딩,4
추운,4
할말이,4
없지만,4
몰랐지,4
접었다,4
포함한,4
해달라,4
건공게이야,4
사냥하면,4
내놓는,4
부지,4
뭐든,4
할지라도,4
머리카락이,4
공속임,4
않아도,4
애면,4
사이에,4
겜도,4
문제는,4
오버워치,4
힐더,4
느껴짐,4
뒤짐,4
겹치는,4
외에도,4
레벨업,4
5점좀,4
의미가,4
100%,4
방송도,4
안했으면,4
탔는,4
여어,4
가은이도,4
미사일,4
이리저리,4
않았음,4
사람들을,4
개쩌는,4
천장이,4
신지아,4
잇을거,4
성님이,4
5장,4
사장실,4
정기,4
속보,4
베너,4
직원들,4
기용,4
강하게,4
않은데,4
인게임에서,4
라틴어,4
안나오는거,4
올리면,4
기반,4
남들이,4
스마트,4
와우,4
뭐라도,4
한두개,4
십ㅋㅋ,4
그치만,4
전까진,4
아닐까요,4
만큼은,4
평화를,4
좀더,4
팀업,4
웃겼음,4
1빵,4
그의,4
단또,4
꼴리는데,4
아니니까,4
바꿈,4
손가락,4
쓸만함,4
인간을,4
스충은,4
렐릭장비,4
첫번째는,4
분탕때,4
안되면,4
않았습니다,4
리플송의,4
나나야,4
프레드릭,4
호크,4
속의,4
방금까지,4
수거,4
파르닥이,4
저를,4
초전도,4
애사심은,4
뿐만,4
퍼블이,4
하실,4
각등이,4
40대,4
결단,4
나오니,4
쓴다는,4
기적의,4
좀만,4
잘하고,4
아쉽다,4
2일차인데,4
파괴,4
가득,4
작중,4
꼴리지,4
풀려서,4
정상입니다,4
터지면,4
ﾃﾃﾝﾃﾝﾃﾝ,4
챌린지에,4
각성에,4
걱정은,4
금태짤,4
딸려,4
치라고,4
됐음,4
횟수,4
할때도,4
안하네,4
누가봐도,4
맘이,4
설계,4
얻을,4
협력사,4
사슴,4
싶었어,4
그랬던,4
오로치가,4
쓰임,4
마셈,4
쟤네,4
30개,4
세상에,4
고장,4
모르고,4
얼마전에,4
아침까지,4
방식으로,4
켜야,4
침식체들이,4
슬퍼,4
있긴한데,4
자체를,4
페이스,4
평점달라,4
처형,4
하십시오,4
누구임,4
몰루킹,4
2코,4
지나지,4
라이노,4
수있음,4
넣는,4
퍼즐이,4
시작하면,4
일러가,4
당연하지,4
당당히,4
들이고,4
프로젝트,4
성향,4
공간이,4
나유빈은,4
만날,4
한해,4
모르게,4
오니까,4
쉽네,4
상태라,4
카나미,4
젠장,4
돌고,4
내줘,4
났다고,4
이럼,4
읽어주고,4
선녀,4
나왔는데,4
짤녀,4
식을,4
김철수,4
단점,4
놓으면,4
말할,4
어플,4
해야하나,4
라인업,4
눈보라,4
현역,4
왕의,4
언니,4
돈을,4
어우,4
크아아악,4
디코,4
나올텐데,4
도색,4
중심으로,4
아니냐고,4
ex,4
때릴,4
하피,4
버튜버에,4
ㄷㄷㄷㄷㄷㄷㄷ,4
재밌었음,4
유동이,4
야하네,4
한섭이,4
이쁜거,4
확률이,4
커여움,4
확정권,4
안드로이드,4
물건,4
라노벨,4
전술,4
무엇,4
몰루는,4
이름인,4
보니깐,4
칸씩,4
장갑이,4
범위,4
모바일,4
명방,4
하냐고,4
남자는,4
목소리가,4
운영은,4
회로에,4
잘한거,4
되겠지,4
자신감,4
잠재옵션,4
던대,4
톡방,4
거면서,4
이면세계에서,4
초딩때,4
앞으로도,4
2개씩,4
설명해,4
구판,4
지급,4
넣으면,4
줄듯,4
지리노,4
그러다,4
베로니카가,4
친구소대,4
창을,4
가능성도,4
겜좀,4
물은,4
애비,4
스파이더맨,4
하는건가,4
나오게,4
그렇네,4
아직까지,4
메이플,4
재들,4
블아,4
평생,4
정성,4
뉴디트,4
얼굴을,4
2호기,4
존메,4
먹어야,4
모습을,4
맛은,4
미안해,4
미시,4
맞은,4
되었다,4
오픈빨,4
빌런,4
문화,4
자료,4
또는,4
장비도,4
끝이,4
치피가,4
격을,4
씹새끼,4
얼른,4
않았을,4
땅따먹기,4
챈럼들,4
건틀렛에서,4
먹었는데,4
콘크리트,4
대표님,4
주인이,4
집에서,4
해줘도,4
기계수집가,4
인정이지,4
나왔네,4
장비챌,4
pve에서,4
일편단심,4
뻐킹,4
창고에,4
엿던,4
마리아가,4
텐션,4
일이랑,4
아픈,4
싸우지,4
몇명이,4
하려니까,4
돌았,4
소탕으로,4
갬성,4
정함,4
뭘까,4
힘들어서,4
바라는,4
성녀가,4
미쳤다,4
당당해,4
전화,4
돌리다가,4
오토로,4
한방에,4
무과금으로,4
정보는,4
4가,4
기다리는,4
마음에,4
무려,4
먹지,4
이사람,4
나오자,4
장비를,4
허밍,4
나머지는,4
야누스,4
봤던,4
여러분,4
그에,4
수준은,4
뻗어,4
패배,4
안되지,4
200렙,4
시키면,4
이쁘게,4
감소,4
있던데,4
5점이,4
못한다,4
비중,4
년도,4
제복,4
운동회,4
걸리면,4
녹아,4
이름의,4
돌면,4
게이야ㅋㅋㅋ,4
반쯤,4
안줘,4
좋은회사,4
광고도,4
사나에,4
그녀가,4
좆박아서,4
수치가,4
존버가,4
프리데는,4
나쁘지않,4
거인,4
5년,4
후타,4
기순이,4
커녕,4
ㄱㄹ,4
모르겠지,4
컷인,4
내로,4
지들이,4
외전에,4
방어구챌,4
하나로,4
이미지가,4
게임하고,4
다른건,4
단순히,4
관남충이,4
박는거,4
집단,4
반드시,4
스토어에,4
몰랐는데,4
만들었다,4
연승,4
좋아하는거,4
올해는,4
2강,4
선택한,4
ㅇㅎ,4
그런식으로,4
몇달,4
자식,4
맛있어,4
사라진,4
내놓은,4
면으로,4
특유의,4
소대원,4
됐잖,4
관심도,4
잇는거,4
콘텐츠,4
그시절,4
대단하다,4
말라는,4
이토,4
아니네,4
종류,4
포기하고,4
평범한,4
나오지,4
노예년,4
채로,4
인지도,4
디자인이,4
레어,4
건틀렛은,4
묵주,4
새끼는,4
아머,4
튀는,4
팍팍,4
연봉협상,4
리벳,4
웃으며,4
150개,4
그자체,4
하게됨,4
ㄹㅇ루,4
그것은,4
닮았다,4
고증,4
싶긴,4
찾아서,4
터짐,4
클라우디아,4
사연은,4
지금이,4
나처럼,4
1천,4
꼬꼬면,4
표기,4
심함,4
라니는,4
건틀리스트,4
딸리,4
이에요,4
한접시,4
걸려서,4
쳐맞고,4
순수한,4
7%,4
본인은,4
답을,4
5점주고,4
쓸모,4
2만,4
어이가,4
구걸을,4
정보도,4
주긴,4
씹다,4
부적,4
가난한,4
올린다,4
검색,4
내줄,4
그닥,4
떨어져서,4
스피릿,4
입갤ㅋㅋ,4
진짜로,4
거네,4
저런거,4
부작용,4
줄때,4
생각만,4
일본섭에,4
회사에,4
되도,4
메공속,4
것처럼,4
그냥저냥,4
더빙,4
더러운,4
갓겜이,4
10퍼,4
오피셜,4
비키니,4
하나씩,4
코스트,4
안보임,4
나가고,4
모을,4
이거나,4
영향,4
열라면,4
제인도우,4
세대,4
폴른,4
악에,4
라는게,4
나은,4
박제,4
반복작전,4
했어요,4
뜻하는,4
때문이,4
모종의,4
색으로,4
투표,4
가끔씩,4
존버해,4
끝임,4
없을때,4
오면서,4
보던,4
스턴,4
하는거같은데,4
ｱｳｱｳｳｰ,4
카사도,4
쩐다,4
것에,4
슈퍼건공,4
했잖아,4
수시채용,4
실례지만,4
안감,4
사상,4
과금할,4
가슴에,4
일방적으로,4
금은동태,4
노꼴갑,4
금새,4
신병,4
781,4
건공이라,4
카사챈,4
부분이,4
류박이,4
1점으로,4
만나면,4
스킨으로,4
용혈의,4
진짜ㅋㅋㅋㅋㅋㅋ,4
안쓰러워,4
서주,4
먹다,4
나오네,4
감시,4
퀄리티,4
없는게,4
ㄲㅂ,4
압도적,4
소멸,4
참고로,4
벽람,4
맞는듯,4
박상연이,4
케릭,4
pve는,4
명에,4
죽어서,4
미나양,4
개꼴리는,4
류금태가,4
완료,4
라우라,4
걸리는,4
안댐,4
뻉뻉이,4
씨발년아,4
게이들,4
부족해서,4
세례,4
씨발ㅋㅋ,4
있다면,4
세상을,4
부서,4
소녀의,4
할배,4
찡긋,4
키타,4
맞으면,4
방송하는,4
섞인,4
그거는,4
떡밥이,4
안티,4
함선체스는,4
뭐라고,4
차리고,4
호감인,4
형태,4
악물고,4
분탕치면,4
새카만,4
루크레시아는,4
생긴게,4
태스크포스,4
시계,4
경직이,4
들까,4
일섭도,4
피도,4
존맛탱,4
이유는,4
2점으로,4
좋았는데,4
타기리온,4
달아줘,4
언젠간,4
어울리는,4
모조리,4
대단한,4
방송이지,4
펜드,4
깨짐,4
되겠노,4
50만,4
레피감,4
터진,4
형식적,4
치우고,4
수영복,4
일만,4
황제,4
꾸준히,4
본섭에서,4
30일,4
싸울,4
있던거,4
거리면,4
글들,4
노루,4
양념,4
이터는,4
학원,4
유래,4
해야겠다,4
너도,4
경보,4
앞에서,4
순애,4
공식에서,4
왕뚜껑,4
시작했다,4
티켓,4
도마는,4
소총을,4
삭제하면,4
나유빈이,4
남성,4
안할거,4
쓰게,4
지랄해서,4
이름으로,4
입을,4
전당템,4
타오린은,4
대해서,4
붙는,4
호감됨,4
리세계로,4
때나,4
who,4
화장실,4
대비,4
오로치는,4
홍시영,4
때의,4
검정고무신,4
개웃기네ㅋㅋㅋㅋ,4
양산품,4
머냐,3
방송하는거,3
if,3
건공오브건공,3
할거라고,3
좆같은거,3
마음속에,3
40판,3
꼴려서,3
단위로,3
전직,3
델타세븐은,3
블레이즈,3
발견된,3
언급도,3
유틸,3
치료,3
밤에,3
아저씨가,3
월광은,3
메이즈케이스,3
올려주고,3
침식체도,3
메카노,3
렐릭이,3
큰일,3
내용이,3
되는거임,3
스쳐,3
사소한,3
갔냐,3
않으니,3
정확히는,3
상태에서,3
분신,3
우리한테,3
아키,3
카오루,3
갔는데,3
아틀란티스,3
지나면,3
들었고,3
직전까지,3
겁없는,3
난이도가,3
버튜버한테,3
어캄,3
소리에,3
알겠다,3
글고보니,3
옛날엔,3
능력은,3
불닭,3
카챈에,3
낙서,3
목요일,3
섭종까지,3
성녀라고,3
내가볼땐,3
하겠음,3
리세계가,3
아줌마,3
6백만,3
인기캐릭,3
5점만,3
비싸서,3
안올려,3
않게,3
소통,3
햇는데,3
파밍도,3
에이미때,3
암만,3
쓰는게,3
3D프린터,3
하는애가,3
설명함,3
정예소재,3
해주네,3
명빵,3
속도로,3
사거리,3
못내,3
선명히,3
차원의,3
아니근데,3
어느날,3
전력이,3
소리임,3
길머장,3
주는거임,3
시영이,3
다르다,3
내며,3
몸무게,3
1111,3
9강,3
으아악,3
놓은거,3
님들아,3
클라/리넷,3
관계는,3
산에서,3
했어야지,3
상태이상,3
결과가,3
일주일,3
궁딜,3
공식일러,3
니들이,3
목을,3
한국서,3
신년,3
꼬시다,3
소식,3
클리파차원에서,3
여태,3
광고하는,3
고칠,3
국방부,3
깔끔하게,3
이쁘다,3
몰루도,3
QnA,3
일섭애들은,3
모르겠지만,3
닉값,3
게임이다,3
주겠다는,3
돋보기,3
페도다,3
대만,3
곱씹다,3
각홍어,3
야너두,3
남자를,3
나온대,3
카일이,3
정보를,3
딸기,3
번쩍이는,3
지쳐,3
놀다,3
보기엔,3
살았다,3
한개,3
노노하라,3
타격이,3
사연이벤,3
함-,3
모인,3
캬루,3
죽고,3
20번,3
살아야,3
구걸했으면,3
웃기긴,3
소싸움,3
강철의,3
들어도,3
무릎,3
해주나,3
개악이,3
육개장이,3
주작이다,3
1점에서,3
맡겨,3
떴네,3
솔저덱,3
오늘도,3
안나는,3
민서,3
사이버,3
캐릭터성,3
도와줄,3
경우도,3
맛도,3
다남,3
<용인>,3
보냐,3
퓨처,3
확률을,3
어디임,3
해보자,3
해주셈,3
영어식,3
카붕아,3
어디감,3
영면,3
모두가,3
의미를,3
되던데,3
맞을듯,3
그녀의,3
시간도,3
어떤거,3
5는,3
묘사를,3
건공은,3
사람보다,3
다급하게,3
안되는게,3
엄청난,3
생기면,3
뜨니까,3
하니깐,3
꿈을,3
받았는데,3
주든,3
그런것도,3
몰랐다,3
카운터사이드가,3
켰는데,3
그렇기에,3
관리실패,3
고생했다,3
녹이는,3
개발사가,3
9일,3
터지는거,3
아놔,3
싶다고,3
새기야,3
된거지,3
찰리,3
저중,3
일어나고,3
짤들,3
걸림,3
줄테니까,3
일어나는,3
훠훠,3
금태링,3
빼기,3
후기,3
편하게,3
겜이지,3
당당해서,3
누나가,3
좋은회사다니는,3
월정액이,3
로자리아는,3
등장하면,3
신시어,3
안돼서,3
가져옴,3
추후,3
개선되는,3
다르네,3
모드,3
pvp는,3
벌려,3
올라왔던,3
그랬는데,3
반갈죽,3
관리국에서,3
에바,3
스킨을,3
자캐,3
리그전,3
해줬는데,3
멋있어,3
스펙으로,3
화욜,3
이새끼들이,3
커뮤니티,3
수준인데,3
힘들었음,3
스충도,3
나왔고,3
버튼,3
30대,3
리세계를,3
비슷하다고,3
올려달라고,3
회식이,3
방송에도,3
리세계사는게,3
맞는거같음,3
2부,3
말했으면,3
완장이,3
종류가,3
부디,3
하시는데,3
바꿔도,3
렐릭에,3
부른,3
딸이,3
문제지,3
치이,3
가치가,3
오기전에,3
상시,3
움직이는,3
어둠,3
계획,3
이뻐서,3
먹은거,3
못보는데,3
인권캐,3
잘됐으면,3
폰으로,3
질려,3
자연스럽게,3
같지만,3
보였던,3
게임도,3
출시된,3
차이가,3
아카콘,3
패키지가,3
먹히는게,3
비명,3
일해,3
커엽고,3
평점주기,3
레지나도,3
서양,3
각성이나,3
상대론,3
어느새,3
노사연,3
가져다,3
받는거,3
돌아온,3
r등급,3
시벌,3
점마,3
안되노,3
선생의,3
로사리아,3
해야댐,3
재생능력으로,3
그거보고,3
왜케,3
알트소대의,3
적들에게,3
모자라,3
안그래도,3
재무장을,3
보이더라,3
좋았다,3
파는거,3
상저,3
꺼내서,3
흑인게이는,3
걸어서,3
그밑,3
마지막은,3
불금에,3
썻으면,3
귀에,3
산거,3
깨면,3
3천원,3
풀융,3
리메이크,3
이쁘네,3
되어야,3
기다려,3
파온,3
되어버린,3
리플레이서의,3
죠스로,3
안써서,3
ㅇㅈㄹㅋㅋㅋ,3
워커,3
한달에,3
넘버원,3
맛있어서,3
서요,3
자들을,3
살고,3
7장,3
호감도,3
느낌도,3
부분에,3
돌아다니는,3
모르는데,3
첨에,3
가볍게,3
상대가,3
함틀린거,3
만들었네,3
그럴걸,3
업밴,3
괜찮음,3
기절도,3
거임ㅋㅋ,3
그랬다,3
안되야,3
기억도,3
일들,3
6t,3
닫고,3
첫빠따로,3
들어오네,3
예상을,3
쭈쭈,3
아이를,3
10년전,3
그땐,3
희린,3
솔저가,3
떡밥으로,3
티어는,3
피해내성,3
건틀렛을,3
건강,3
느끼는,3
뿌리면,3
마세요,3
머야,3
다르지,3
사진을,3
죽지,3
야짤이,3
보였음,3
재무장하면,3
근피,3
올려줌,3
프로필이,3
엠버,3
나이가,3
잠수함,3
의상,3
오레오,3
저희는,3
“그,3
의미로,3
이러면서,3
한창,3
난로를,3
유나는,3
나올려면,3
찾으러,3
봤지,3
능력이지,3
선물이,3
상성,3
많아야,3
소전,3
말자,3
도마가,3
두자리,3
반복하는,3
공략을,3
단독,3
죽었을,3
난사,3
어지간한,3
사과하고,3
못해도,3
쪽에서,3
잇으면,3
생각하니,3
맞을까,3
계산을,3
없던데,3
5종급,3
주고옴,3
리플룩,3
되겠어요,3
수입,3
썩은,3
유지닝은,3
레이시스트,3
뿐인데,3
바뀜,3
리세하는,3
되겠다,3
똑같아,3
당첨되면,3
이런식으로,3
이해가,3
생기긴,3
생겼냐,3
여튼,3
닮은,3
10명,3
보이면,3
서포터,3
패시브,3
같냐,3
썼던,3
닉은,3
1년이,3
따온,3
승자,3
요구르트,3
어떡함,3
하야미,3
거하게,3
인방충,3
반란,3
알앗는데,3
난거,3
만화에,3
덤벼,3
5종임,3
거에요,3
있을때,3
튀김,3
무적,3
빨책,3
쉽지,3
질질,3
안나온다고,3
사도들,3
넘모,3
스미,3
바닥을,3
멋진,3
이거임,3
되며,3
콘스탄틴,3
지우고,3
결의,3
치아가,3
그로인해,3
부르던,3
소집,3
당분간,3
터져서,3
통한,3
재미있게,3
프리코네,3
싸우고,3
교수,3
어땠음,3
맛있음,3
도도한,3
주시윤이랑,3
화풍이,3
않는데,3
읽고,3
출격기,3
밸패는,3
선명한,3
귀한,3
중요함,3
아깝고,3
전당4,3
남앗,3
마왕은,3
스비에,3
아쉬운,3
여우,3
알았다,3
이후에,3
스페인어권,3
어그로,3
씨발ㅋㅋㅋ,3
패치3,3
체위,3
안봤는데,3
길어서,3
찍먹해보고,3
좋나,3
그러려니,3
싶어요,3
전이랑,3
똑같은거,3
바꾸는,3
근황,3
마렵노,3
T7도,3
말인데,3
좋던데,3
신기한,3
4년,3
최이나,3
착해,3
스봉,3
컴퍼니,3
1점씩,3
하와와,3
담달에,3
에에,3
한소리,3
뒤져서,3
1-3,3
개쩐다,3
길이,3
주니깐,3
남자인,3
궁에,3
행방이,3
있슴,3
구도가,3
더이상,3
지적좀,3
게임성,3
눈알,3
게임이라고,3
넥슨인식,3
SEA섭,3
스토리는,3
터졌을,3
기분임,3
이새끼가,3
익숙한,3
고심도에서,3
싫은,3
먹혀서,3
풀기,3
칼질,3
이러다가,3
한잔,3
내줬으면,3
맡고,3
형이라고,3
만들었는데,3
타이탄을,3
큐브,3
예아,3
급한,3
나왔음,3
정신병,3
죽은,3
준것도,3
클로저스가,3
자체네,3
솔리키타티오,3
그런걸,3
코스프레,3
옷이,3
상상도,3
방송임,3
미야는,3
잘한건,3
줄까,3
반반,3
시끄럽군요,3
애매함,3
느껴지는,3
해보겠습니다,3
❤️,3
아ㅏ,3
렐릭은,3
편으로,3
좋겟음,3
게다가,3
팔을,3
키우고,3
정자,3
500명이,3
나오니까,3
그랬지,3
붙잡고,3
미나토는,3
알겠어,3
카붕이가,3
안줄거임,3
뭐니,3
한동안,3
보이질,3
저따,3
밖에서,3
언젠가는,3
별거,3
할줄,3
우유가,3
법카,3
안되서,3
부족한거,3
개인적으로는,3
모듈,3
레지나는,3
콜드,3
스킨만,3
김소빈보다,3
이것만,3
추첨이,3
잘하네,3
저임,3
치다가,3
긍정적인,3
각성호라이즌,3
선생님이,3
포트폴리오,3
고구마,3
우연히,3
한섭이랑,3
숨은,3
네헤모트의,3
걱정하는,3
스마트가이,3
황금,3
기적심의회,3
내리고,3
육변기,3
느낄,3
모른다,3
안되는건,3
맨땅으로,3
비치는,3
씨발련,3
간다고,3
똑같네,3
스비는,3
금상듀오,3
카린양,3
주작이라도,3
짓을,3
돌려야,3
팩트는,3
돚거,3
오래걸리지,3
1400,3
스테이크,3
덱에,3
화풍을,3
넘치는,3
죽네,3
쓰네,3
그렇다쳐도,3
인생을,3
타입이,3
8개,3
누나는,3
구도자,3
튄다,3
없었는데,3
깨고,3
여장미나토,3
각성캐로,3
돌리면,3
우선순위,3
붙어잇던,3
하고있음,3
날림,3
애사심이,3
이런느낌,3
남으면,3
돌리니까,3
만담,3
괜찮고,3
그럴수도,3
쇠파이프를,3
이겨내고,3
해볼게,3
아는거,3
놔두고,3
상자,3
켜놓고,3
였던거,3
소비,3
클베,3
기대하던,3
놀람,3
프레임이,3
안다,3
샷건,3
들어볼,3
된대,3
세뇌,3
잘자,3
강하다,3
같지도,3
다소,3
어짜피,3
접는거,3
죽을,3
거보단,3
유튜버,3
빨고,3
오퍼레이터,3
이름은,3
여러개,3
바뀐거,3
같아요,3
우릴,3
싶을때,3
꼬라박고,3
끄는,3
굉장한,3
딸배,3
한국어,3
그만해,3
게이야ㅋㅋㅋㅋㅋ,3
변해서,3
정비,3
장비임,3
잘못한,3
붙이는,3
꼬라박는,3
애도,3
스탯,3
리콜,3
하도록,3
스튜,3
쓰라고,3
하나에,3
잡힐,3
풀네임,3
2~3코,3
초창기,3
느낌의,3
이후부터,3
수준의,3
되긴함,3
시불,3
1티어,3
줘패서,3
한타,3
1년은,3
의문,3
세라펠은,3
시간만,3
담당자,3
하겠다고,3
왔다가,3
여유,3
스2,3
젖겜,3
일썹,3
얻기,3
클스마스,3
한명은,3
으윽,3
사는거,3
페북,3
흑인이,3
ㄳㄳ,3
제로스,3
또또,3
들어감,3
모가지,3
처음에는,3
둘중에,3
명의,3
크다,3
이상한거,3
치명상,3
곳일까,3
구속구,3
씨발년이,3
걸리고,3
번도,3
허민문학,3
될줄,3
시동,3
주워,3
엌ㅋㅋㅋㅋㅋㅋ,3
쓰알이,3
챈질,3
떡밥을,3
유저들은,3
마셍,3
안녕하세요,3
여성형은,3
좋아했는데,3
못봤는데,3
정상인,3
될거라는,3
몰빵,3
안했네,3
주변에,3
내꺼임,3
위에서,3
재미잇음,3
그들이,3
합시다,3
개꼴린다,3
확실함,3
시발아,3
감당,3
겜만,3
소리친다,3
변경,3
잠재개방,3
봤었는데,3
델타세븐도,3
개좆데,3
찾았다,3
저긴,3
조절,3
나오던,3
사망,3
퇴물,3
사용하는,3
만약,3
알기,3
못찾겠어,3
발로,3
잇어서,3
쓸걸,3
대성공,3
불리는,3
프리셋,3
스토리도,3
완벽한,3
하겠지만,3
일러는,3
정공,3
그런지,3
한섭도,3
나름대로,3
의의는,3
주제에,3
변한거,3
폐기,3
랭크전,3
사이퍼즈,3
절반,3
성냥팔이,3
용병학살자,3
장비가,3
병신들,3
수호의,3
접을,3
눈보라를,3
이터를,3
의혹,3
아래쪽,3
남아서,3
겸사겸사,3
돌아서,3
시기가,3
재밌는데,3
옥새,3
첫짤,3
싶노,3
사실은,3
물어보면,3
기숙사,3
라니랑,3
계단을,3
ㅇㄱㄹㅇ,3
누르고,3
카사로,3
쏟아진다,3
있었으면,3
옷스,3
있었지,3
3차,3
영구적으로,3
이러고,3
함선은,3
할머니,3
막고,3
아니었나,3
천개,3
구구절절,3
뭐하는,3
한판,3
넥슨이라는,3
누군데,3
왜냐면,3
쌓여,3
보고싶다,3
몰래,3
이기야,3
7챕에서,3
꾸역꾸역,3
왕족,3
기프트,3
본적이,3
하려나,3
년들,3
중간중간,3
했을듯,3
보여주면,3
스케일,3
경우는,3
된듯,3
없었을,3
현타와서,3
상태창,3
넘겼는데,3
투명,3
가구,3
공중에,3
여겨지는,3
침식체들을,3
기억하는,3
연속,3
말야,3
시기상,3
ㄹㅇㅋㅋㅋㅋ,3
그러네,3
날린,3
알고있음,3
말던가,3
테스트,3
있는거지,3
파밍하는,3
너를,3
닥쳐등신아,3
카사랑,3
50퍼,3
너야,3
친거임,3
있는것도,3
바뀌는,3
고3이,3
즈롱,3
탔네,3
남았다,3
이중,3
렙업,3
못하네,3
얘기가,3
검거,3
따르는,3
붕개,3
생기는,3
라니콘,3
각이라,3
호라이즌에,3
비추는,3
찌찌가,3
샤오린도,3
일본은,3
양산형,3
펜릴소대,3
많으면,3
같을,3
시바,3
차별하시죠,3
불을,3
아니에요,3
홍어가,3
가은이가,3
안치면,3
이름이라고,3
묘하게,3
귀여움ㅋㅋ,3
리세로,3
버거운,3
수색,3
육노예,3
잘해야,3
게임임,3
지들끼리,3
장비인데,3
하울링,3
1빵1섹,3
한다는게,3
칼로리,3
무친련,3
8단,3
하나를,3
태어나,3
캐들은,3
조작,3
없습니다,3
수시뽑,3
5천원,3
둬야,3
타격감,3
화면,3
아까부터,3
10초,3
19세,3
몇십,3
높지,3
필요해,3
컷이,3
안보이네,3
애니플라자,3
사람을,3
내게,3
이것마저,3
이쪽이,3
남는다,3
헤으응,3
저리가,3
에이스,3
좋아요,3
건즈,3
올때까지,3
씹ㅋㅋㅋ,3
협력전에,3
학점,3
똥까시,3
타임스탑,3
카케에,3
가뜩이나,3
꼴리게,3
주라고,3
분노,3
돌리는게,3
뚝딱,3
시나리오,3
센세,3
딸림,3
쟤들,3
복귀했는데,3
시켜서,3
없슴,3
일찍,3
무지성으로,3
분탕으로,3
있는지,3
파란,3
알지,3
가불기,3
빠짐,3
미래에서,3
가면카운터,3
글은,3
엔드컨텐츠,3
튼튼한,3
번인,3
침식체화,3
시간에,3
90퍼,3
사사건건,3
벽에,3
성까지,3
시청자수,3
계엄령,3
근접,3
렌지,3
리플송도,3
마즘,3
귀해,3
자체에,3
운전면허증,3
스타크래프트,3
완전한,3
모습이,3
애정이,3
안되네,3
가습기,3
동생을,3
타오린만,3
님을,3
되었는데,3
날듯,3
어떠한,3
아니라고,3
추천인,3
지나서,3
NTR,3
만드는건,3
자동으로,3
하겠어,3
유저들을,3
아무리봐도,3
2까지,3
지식,3
러쉬,3
각성은,3
관심이,3
야해요,3
큰듯,3
진짜네,3
융핵이,3
기여도,3
깼다,3
전당3,3
남기고,3
걔네,3
무고한,3
옥쇄,3
썼다,3
일단은,3
남장,3
모작권,3
해보는,3
똥꼬,3
거의다,3
움직이지,3
노빠꾸,3
개악패치,3
멘트,3
데박,3
맞냐,3
3페이즈,3
의외의,3
베네딕토,3
존버하셈,3
좀비,3
해줘서,3
고위,3
애새끼들,3
볼때마다,3
외국,3
내던,3
스킨이라,3
자세가,3
되죠,3
추운건,3
144,3
짬밥,3
당하면서,3
따뜻하게,3
퍼즐이라,3
우리집,3
평일,3
ㅇㅋㅇㅋ,3
스비의,3
4단계,3
컨트롤,3
젖소,3
동조선,3
카사하는,3
시즌2,3
오로롱,3
장착,3
네개,3
빨라지고,3
격전이,3
디렉터,3
힘으로,3
주위에,3
꼴받네,3
처음봄,3
펭구콘갓아서,3
폐사,3
메인은,3
줬으니까,3
불란서,3
않아서,3
잃은,3
4번,3
참교육,3
풀스택,3
어쩌고,3
카사일러,3
오토가,3
10000,3
70까지,3
유저를,3
문제없이,3
궁금함,3
부린,3
날씨,3
첨엔,3
머신갑이,3
다하면,3
당첨인데,3
바라보며,3
발렌,3
없어요,3
비하면,3
별점이,3
둠칫,3
아쉽네,3
없나요,3
사연응모,3
빨라서,3
다른데,3
어케함,3
모션은,3
물에,3
깊이,3
올라감,3
가죽이,3
스토리만,3
안쓰고,3
올려서,3
장기적으로,3
시윤이가,3
100퍼,3
써야겠네,3
-->,3
칼바람,3
3점으로,3
좋아하고,3
분탕을,3
받게,3
충분한,3
손이,3
평탄하게,3
대부분은,3
30퍼,3
걔들이,3
쎄서,3
채용은,3
이거도,3
않다고,3
어어어,3
하나하나,3
각각,3
순식간에,3
찾은,3
못봤네,3
크네,3
커리지,3
살아있는,3
금태랑,3
열리는,3
넣은,3
손에,3
유닛풀,3
끊긴,3
망가진,3
용혈에,3
올려줬다,3
밀린,3
쓰임새,3
당첨은,3
홀리,3
그럼에도,3
잃고,3
르가,3
워터마크,3
100명,3
이른,3
보는게,3
해결방안,3
터졌다,3
이제야,3
해야되나,3
넣어도,3
분명히,3
따뜻한,3
뭐더라,3
mmm,3
다른걸로는,3
풀고,3
농담따먹기,3
이벤트가,3
반등,3
이것이,3
마지막으로,3
인벤,3
행님,3
2~3개월만에,3
오픈부터,3
관남의,3
안좋아,3
별개로,3
지른,3
재출격,3
막아,3
킹이나,3
우리는,3
나에게,3
감성이,3
아시나요,3
방송이랑,3
가장을,3
이러는데,3
집피,3
히터,3
카바,3
<~~~~~~,3
평점얘기,3
딸리는,3
웃기는,3
10%,3
본체라,3
분탕만,3
괘씸하거든요,3
색감,3
기억속,3
쳐야,3
캐릭을,3
현실은,3
극대,3
싸우겠다,3
번쯤,3
운동복,3
줄줄,3
서브스토리,3
넣었는데,3
방송천재,3
침식파에,3
같았으면,3
안쓰러워서,3
이룰,3
들었던,3
마오쩌둥,3
다시봐도,3
얼굴도장,3
베로롱이랑,3
뜰수,3
밑에서,3
세지,3
올렸다,3
가능한데,3
벽이,3
돌리는데,3
으으,3
들어왔는데,3
되잖아,3
재무장때,3
거진,3
세례명,3
챙기는,3
얼마든지,3
헷갈림,3
박게,3
레이크,3
초등학교,3
북딱,3
좆사기,3
나오냐,3
슈발,3
바사삭,3
암시한거다,3
아니라면,3
쳐주고,3
시작해서,3
꼬접,3
알음,3
거였네,3
스친다,3
잡지,3
싸운,3
사이즈,3
침식체로,3
나유빈의,3
휘이잉,3
이벤상점,3
안봐서,3
없애줘,3
남았는데,3
치트키,3
묻고,3
빠른,3
개선된,3
흥겜,3
적당한,3
금태야,3
어딧음,3
뒤져가는,3
그러지,3
누구야,3
소켓옵,3
뿐이다,3
맞서,3
김치,3
김하나,3
먹었으니,3
생기고,3
춥다,3
없겠지,3
길티기어는,3
이래서,3
없는것도,3
살지,3
부옵은,3
파렴치한,3
같았는데,3
이유로,3
단말이,3
것들이,3
골드,3
내린다,3
소녀는,3
알림,3
낚시,3
안정적인거,3
나발이고,3
브금으로,3
사연쓴,3
오랫동안,3
이상해서,3
개웃기노,3
궁금해서,3
왔어,3
집안의,3
회사를,3
빨갱이,3
보긴,3
달인,3
해보려고,3
만들어줘,3
리이헤븐즈사인,3
3배,3
그린거,3
데이마인,3
시간은,3
방송의,3
약간의,3
소년,3
유력,3
글레입니르,3
5점달라,3
조상님,3
스트라이크로,3
포위망,3
연습아,3
계심,3
역으로,3
노는,3
쎄게,3
욕하지,3
좆데랑,3
꼽다,3
침식체를,3
금태식,3
사람들도,3
막상,3
앞자리,3
그와중에,3
사정,3
유물,3
기초,3
알았지,3
뿐이라,3
솔저는,3
돌아와,3
찍었는데,3
엘리자베스,3
라틴어로,3
사람만,3
대전,3
낫나,3
거라면,3
바꾼다,3
1점을,3
카나데도,3
생각해서,3
전까지는,3
좆됐다,3
궁금한거,3
달다,2
쌔긴함,2
테러조직,2
PTSD,2
못봤지,2
버틴거,2
차단감이다,2
순수했던,2
마녀>,2
씨게,2
뽑아라,2
나온다며,2
이탈리아어권,2
좋겟다,2
여론이,2
치명타,2
솔져는,2
친구를,2
렐릭템,2
귀찮고,2
종결이,2
접으셨지만,2
주도하는,2
아가일듯,2
승진은,2
두지,2
나온거야,2
연내,2
애들만,2
가방에,2
재밌어졌다,2
울지,2
초반부터,2
어거지로,2
연타는,2
상대적,2
배수관이,2
타서,2
눈온다,2
안돼도,2
확밀아,2
대가리박고,2
오른팔이,2
특수기로,2
종일,2
선물만,2
사연에서,2
재미도,2
웃긴게,2
질리지,2
위험하다,2
무섭네,2
진행하니까,2
녹이는거,2
감수해야지,2
ㅎㅈㅋㅋ,2
딱르카데나,2
안되겠어,2
깡계,2
고맙다,2
사람인,2
넘기고,2
영혼의,2
오리지널,2
싶은거,2
씨발아,2
구걸도,2
낮음,2
오픈계정,2
씹ㅋㅋㅋㅋㅋㅋ,2
레이도,2
없긴한데,2
기미라고,2
카운터는,2
유저들한텐,2
디스코드,2
늘어남,2
일이나,2
아이가,2
한국에서도,2
분탕쳐서,2
아니고서야,2
흑주돈,2
25일,2
썼으면,2
빛나는,2
등장할때,2
게임과,2
말인가요,2
팔의,2
딜러들,2
말아주세요,2
대결,2
역전,2
부르기로,2
저새끼,2
안할테니까,2
12월에,2
궁금한데,2
비틱할,2
제2의,2
맞이,2
겁없는mc,2
납득하게,2
모자라지,2
넣어라,2
신화각성,2
다음으로,2
반사,2
양하림이,2
깨닫고,2
만든게,2
15개,2
1000쿼츠,2
틀니,2
1점운동이,2
달려서,2
나쁜생각,2
잘되는데,2
그렇게까지,2
망꼬,2
하고있어서,2
형성한,2
방주의,2
돌핀팬츠,2
둬서,2
하림머장,2
호감작,2
아이싯팔,2
엔드컨텐츠가,2
함스,2
다이브도,2
원래대로,2
상세정보,2
처먹네,2
벽안,2
건공하시면,2
찍었다,2
7t파밍,2
별로였는데,2
아파온다,2
호구,2
그려서,2
나트륨,2
잔향이,2
대답이,2
귀찮다,2
강소영이,2
사물함,2
애덜,2
추임새,2
이새낀,2
들어가더라,2
앞의,2
나으면,2
러시를,2
장단점,2
폭풍이,2
아니라서,2
모욕해줘,2
늦었어,2
배다른,2
했습니까,2
벨튀,2
인공지능으로는,2
조호진,2
기체가,2
클리포트의,2
듯그,2
편의점에서,2
바르게,2
색은,2
사업부팀장이,2
축하합니다,2
무난한,2
컨소무소속임,2
채우는게,2
젊은피,2
좆으로,2
챙김,2
올려줄건데,2
몬가임,2
도보로,2
적당하게,2
퀸이랑,2
기도를,2
지나간다,2
말한거,2
숟가락,2
생각하나,2
올리는것도,2
날꺼,2
해보셈,2
행운을,2
아거,2
거기도,2
찌든,2
한방으로,2
액트5,2
3D모델,2
두놈,2
중에서는,2
돌렸음,2
새끼들은,2
머리핀일텐데,2
미스임,2
주저,2
쪼끔,2
공익은,2
추가좀,2
잠깐만,2
속도가,2
가잖아,2
방송쿠폰,2
버서커,2
버틸수,2
연산,2
장문,2
이쯤되면,2
이름이랑,2
누구노,2
잦은,2
그립다,2
사원들의,2
운동해서,2
알려드렸습니다,2
그려봄,2
응애맘마조라,2
되었기에,2
안쓴거,2
파밍은,2
읽기도,2
22일,2
똑같노,2
해줬음,2
^^,2
봉인이,2
영어권,2
안아줘,2
파악이,2
뭐하러,2
마실거,2
다행히,2
겜좀해,2
꼴잘알,2
갱생해서,2
반에서,2
에디션으로,2
뒤질듯,2
비슷하지,2
되어있네,2
밤마다,2
적음,2
높게,2
게임시작,2
전복률,2
켜놓으면,2
어떨까,2
그녀들이,2
말딸도,2
샤오린만,2
접었음,2
잡으며,2
남친있어,2
신캐는,2
고작해야,2
5점주세요,2
뭔가에,2
요새는,2
까봐야,2
금태감성,2
앗❤️,2
사령술,2
sd피규어,2
1월쯤에,2
모르나,2
이게뭐노,2
있대,2
나오지않을까,2
서서히,2
공개된,2
쓰기가,2
매카누,2
캐릭성,2
말이야……,2
있겠습니까,2
건공이였다,2
카운터인,2
샤이닝,2
뒤진거,2
직전임,2
느린,2
공속으로,2
다섯개,2
똥겜,2
챌은,2
암거나,2
올려주긴,2
싶었던,2
놓인,2
남캐라서,2
평점좀,2
현실의,2
50억,2
바칼,2
모르지만,2
받고싶으면,2
각성급으로,2
그만뒀다,2
하자고,2
가정의,2
용병의,2
좁아서,2
요소가,2
살면서,2
느낌물론,2
2세,2
딱대,2
모르겟지만,2
경쟁요소,2
됬으면,2
라니와,2
빨간색이,2
좆같아서,2
업하면,2
부탁드림,2
눈의,2
먹어도,2
ㅇㅈㄹ하면,2
만도,2
죽도,2
되는거야,2
부르는데영어는,2
올라가서,2
관남충의,2
역바니,2
귀찮네,2
나와라,2
워치오르카,2
이상한데,2
돌렸는데,2
재무장캐,2
모를까,2
어……,2
중세놈들,2
쓰임새가,2
자리가,2
전에도,2
되지만,2
개빡센,2
졌으면,2
할리가,2
씹창난,2
증가,2
2분기씩,2
합쳐졌다고,2
훅들어오네ㅋㅋㅋ,2
분량,2
웃겨서,2
찍는거,2
끔찍하다,2
붕괴,2
잘만들었네,2
신장,2
닥등이랑,2
내리는,2
담배를,2
긴가,2
상식적으로,2
회로가,2
이것만으로,2
다시보기로,2
일위키,2
이프로,2
개쳐맞고,2
살인마,2
병신이라,2
구린거,2
명예직원,2
라오처럼,2
받는게,2
누군가에게,2
미국인,2
왔습니다,2
딱봐도,2
솔져가,2
PVP,2
친필,2
실시간으로,2
시끄럽군요~,2
채팅창,2
별로임,2
전진출격하는,2
콜라보스토리,2
올라오는거,2
들걸,2
쌔끼들아,2
쿼츠도,2
공지탭,2
베네딕트,2
괴롭혀,2
물어본거임,2
언팩,2
2천명,2
이떄,2
한적도,2
@학점대폭발,2
눈색깔,2
어린이모델,2
안받았으면,2
없었지,2
여럿,2
지끈지끈,2
주도닝,2
구걸은,2
불러내서,2
개꼴려,2
패스로,2
벌레가,2
챈럼이었네,2
일반적으로,2
경험치는,2
되려면,2
문제를,2
숄더,2
퀸밖에,2
주시영도,2
실드가,2
오른게,2
1개월,2
추정되는,2
쓴거임,2
씹폐급,2
광고로,2
나오라고,2
기대됨,2
빡빡,2
추가됐네,2
유니크한,2
모양이로군,2
기억을,2
개호감이네,2
오르가즘,2
블러드러쉬,2
울어대는,2
포니테일,2
않겠지,2
가시성,2
쳐먹어서,2
뿜어낸다,2
안비치는,2
그전까진,2
미치겠네,2
보내줄리,2
차원이,2
의미하는게,2
600만,2
재미는,2
몰름,2
보급작전으로,2
걸레,2
안정적으로,2
이번시즌,2
보이냐고,2
프린트물,2
아니잖아,2
쑤셔넣지마라,2
봤더니,2
23개,2
보호막,2
5지까지,2
탄환의,2
킹에,2
천주교회,2
장갑을,2
만원만,2
sr은,2
정상이,2
올까,2
빠진,2
이수연이,2
끝에,2
괜찮을듯,2
진지한,2
거셈,2
뚝배기,2
모여서,2
왔더라,2
사긴,2
7t챌,2
뭐야이,2
나온게,2
로자도,2
이펙트,2
젠이,2
태양,2
마왕하고,2
살기,2
공략과,2
보러간다,2
외국애들,2
모든건,2
예정이라,2
가챠가,2
내려감,2
생방송,2
틀딱이,2
코딱지,2
컨펌,2
함그러니까,2
자신있으면,2
차서,2
마린,2
카사낙서,2
악역은,2
회생,2
쮸인님,2
힘에,2
일본애들은,2
힐데랑,2
토미킹,2
연말이라,2
기강,2
힐데제자라,2
놀라서,2
서버는,2
5점광고나,2
인간적으로,2
넥슨겜치고,2
살아서,2
비슷비슷하다고,2
넣어서,2
가야하는데,2
가수인데,2
눈동자가,2
자신과,2
주려고,2
에델은,2
마왕중에,2
되겠는데,2
재미로,2
성능좋은,2
낚시덱,2
케오린이,2
12시,2
목소리에,2
다열고,2
이볼브원,2
주는거지,2
매력에,2
김두한이,2
어케암,2
포기함,2
일종의,2
하림이랑,2
바다섭,2
중학교,2
티어리스트,2
보여주면서,2
되있음,2
막판에,2
관련된,2
목소리도,2
남았음,2
할머니할아버지,2
산타복,2
있다는거,2
내더라,2
클라릿사,2
회사가,2
진행계,2
같은거도,2
까딱,2
확정채용은,2
등장해서,2
창렬이라고,2
그녀를,2
말하자면,2
열받네,2
머신건과,2
튜닝하자,2
2~3개월은,2
멘션으로,2
했슴,2
뚜까,2
취급하는,2
공개채용,2
저런식으로,2
7만,2
못했다던가,2
당첨되는,2
3만이터,2
보냇는데,2
5지에서,2
이상하게,2
이거저거,2
뽕도,2
2차창작,2
공약,2
겁나,2
브금이,2
금발적안귀족은,2
도망쳐,2
마친다,2
화이자,2
버튜버에게,2
어허,2
없지않나,2
아니여서,2
스테이지,2
금상은,2
준다는건,2
레이지,2
보고싶음,2
동남아,2
방어템,2
인기없어서,2
쪽쪽,2
마왕의,2
풀려야,2
위잉,2
하는거라고,2
카운터능력이,2
닮은거,2
미래가,2
드리겠습니다,2
마크상병,2
올라간,2
컸음,2
맞죠,2
도교의,2
살수가,2
다가오는,2
패치부터,2
나와야함,2
2점까지,2
히히,2
첨할때,2
반응만,2
도장이라는,2
터진다,2
주인의,2
존버중,2
안한다고,2
움직이고,2
떠오르는,2
비슷하네,2
나왔을때,2
먹엇지,2
4종이상,2
죽일라고,2
호감인데,2
팀으로,2
루퍼는,2
마음은,2
개꼴리네,2
2년된,2
퀄이,2
잡아먹어,2
우사기,2
어케생각함,2
데려갔을,2
악의를,2
다다음,2
날아가는게,2
거체로,2
매가,2
막음,2
내지는,2
할만하다,2
예정임,2
국민학교,2
주고싶은,2
난데,2
노짱,2
공화국,2
쓸때,2
4일,2
맵네,2
싫음,2
서폿스충이,2
성의가,2
올라가면,2
였던가,2
다음은,2
갠적으로,2
사도급,2
지배하는,2
그때도,2
대가리만,2
에피소드,2
목표로,2
운영이라는,2
썰매,2
이벤이나,2
sr이라,2
리본,2
도장찍기,2
쓸만할수도,2
긍정적으로,2
끝이라,2
엔터프라이즈,2
고글,2
분탕이면,2
stl파일,2
변하는,2
프로듀서나,2
올라갈,2
지르는,2
형태가,2
뜨고,2
잡아먹는,2
첨부터,2
이기면,2
재무장하고,2
안보이는,2
한섭보단,2
해야겠네,2
계신가,2
못접는중인데,2
뭔소리임,2
팀장급,2
등록,2
잔해에,2
마리아도,2
변장한,2
운영을,2
갈일이,2
각성pv는,2
보면됨,2
하앜,2
상여닝,2
나타났다,2
귀여운데,2
몸캠영상,2
형식적인,2
평점을,2
나왔다고,2
취직,2
크아아아아악,2
조지는,2
포장,2
유튜브로,2
고건,2
방탬,2
레이첼이,2
끝인듯,2
무언가가,2
신기하네,2
욕도,2
보자마자,2
뿐이고,2
무슨일,2
서비스하는,2
중첩이,2
왜지,2
튀긴건,2
이론상으로,2
세이버,2
번이면,2
마이너한,2
전이라,2
살아남을,2
봉춤추는,2
있겠어,2
공명파,2
본서버,2
NTR이,2
돌맞았을,2
일섭반응,2
대강,2
빠르지,2
도랐나,2
대체가,2
그정도로,2
오퍼랑,2
올랐다가,2
아가오르카,2
밸패를,2
미국멕시코,2
압박붕대,2
없나보네,2
얘기는,2
직원게이야,2
각성도,2
살릴,2
저래,2
B급,2
바들,2
리더박고,2
여기는,2
박아드림,2
ㅈ같은,2
멀쩡한,2
맛없어서,2
빨라야,2
각선권,2
해준다고,2
천명한테,2
이러니,2
맘에드는데,2
두는게,2
옆그레이드,2
용역,2
위험합니다,2
떙겨서,2
몇년째,2
융합은,2
나올거임,2
체감상,2
일상을,2
딴겜,2
상위호환이라,2
우리나라,2
있음카사,2
그럴리,2
중앙에,2
운영하는,2
그녀들을,2
클라렌트,2
기질,2
용검에,2
이쁘고,2
하란다고,2
젊수연,2
세상이,2
내릴,2
보닌,2
검사,2
어질어질하다,2
누구보다,2
탄생,2
연희,2
밈이,2
일섭애들이,2
컷씬,2
좋은소리,2
로비브금,2
게르만어로,2
흥하는건,2
보내주는,2
각시윤이,2
것보단,2
비스트,2
유마족,2
도게자를,2
죽어도,2
올라오면,2
나올만한,2
사과를,2
방송중,2
안그러면,2
빠르다,2
지금보다,2
지상군으로,2
프랑스식,2
맞는말,2
나와야할듯,2
슬프네,2
카사다,2
사랑할,2
먹는데,2
진공관의,2
리플송이나,2
판단하에,2
상황인데,2
프레데릭은,2
볼장,2
해야할,2
강화해서,2
좋겠네,2
암것도,2
누군지도,2
갚으라고,2
사기면,2
애들인데,2
몸주인은,2
걸려도,2
때리면,2
옆자리,2
묘지,2
늘어나는,2
다행임,2
쏘유,2
기요움,2
죽였어,2
오퍼뽑을,2
실눈,2
귀하신,2
그거랑,2
죽게내버려둔건지,2
삶에,2
미나토가,2
이번달,2
나앤,2
김소빈이,2
애리조나,2
연세가,2
떨어진다,2
대처,2
아니었음,2
빌런으로,2
막았다,2
번이나,2
녹는,2
올랐습니다,2
지랄을,2
주말에는,2
시작함,2
스토리에선,2
모으고,2
데일리,2
노템,2
충전하고온,2
비싼거였노,2
걍써야겠네,2
어디갔어,2
기업은,2
시키는거,2
테라브레인의,2
근본없는,2
그림자가,2
일인데,2
옷차림,2
ep8,2
야짤을,2
되려나,2
진짜하네,2
죽여버린,2
언제나,2
마크가,2
꺼면,2
이쁜데,2
돌려막기,2
하던지,2
초월스킨,2
7단계,2
일어선다,2
각유나가,2
허리,2
300명이,2
커여움ㅋㅋ,2
관리국의,2
좋은듯,2
갈아치우고,2
도구로,2
침입자들,2
태포로,2
뭔가뭔가임,2
연필,2
개많네,2
스킵하고,2
위치로,2
잇나,2
힘들듯,2
공통,2
화요일에,2
게임의,2
금태나,2
땜빵용,2
5점광고는,2
로자는,2
지원요청,2
맨땅계로,2
달이면,2
삭제함,2
분신술,2
무너져,2
아가임,2
입문경영학,2
당첨안되서,2
분기당,2
결단을,2
겜들은,2
프롬,2
한국에서는,2
얼마임,2
치려고,2
깝치다가,2
애정을,2
받는다는,2
성능도,2
영상편지였으면,2
표현은,2
침식파를,2
욀케웃기지,2
존나높은,2
기운,2
오퍼가,2
지켜보고,2
샌드백,2
정보들,2
따먹는,2
운전면허증이나,2
공증,2
파이가,2
그저께,2
고치는,2
고급소재,2
기능이,2
달라는거,2
반복작전은,2
창세기전,2
아메리카누,2
우욱,2
160연차,2
현상이,2
dps,2
인형을,2
되겠네,2
불이,2
옛날식,2
공속은,2
4종침식체,2
얘들아,2
마이크로비키니,2
아카데미에서,2
결전병기,2
중순인데,2
만들어도,2
드가자,2
초기형,2
반쪽,2
둥둥탁,2
불족발,2
없군요,2
풀었다,2
칼빵,2
가챠에,2
뜬끔포지만,2
파장이,2
gif,2
안드는,2
세상에서,2
납치후,2
생기긴했지,2
때까지만,2
콜라보하는거,2
채우고,2
미안하지만,2
몇개월,2
가슴이,2
자세를,2
오너,2
건틀렛도,2
안하다가,2
지하철에서,2
어제보단,2
살아야지,2
어씨발,2
카운터의,2
줄임말인지,2
말든,2
눈깔,2
썼어,2
주고싶다,2
최대로,2
12사도중,2
이름이고어원은,2
라니팀,2
한달밖에,2
이분,2
적힌,2
다른데서,2
아직없,2
해놔서,2
정보삭제,2
높아진,2
문의로,2
잔해를,2
신작을,2
사랑합니다,2
팬아트,2
카운터사이드는,2
주냐고,2
그거라도,2
3단계,2
올라가게,2
<용혈의,2
미돌이,2
좋긴해,2
볼까하는데,2
수연이는,2
아닌거같기도,2
우승,2
챈럼들이,2
아닌듯,2
칼들고,2
가늘고,2
비결좀,2
다오가,2
우한린,2
제모한,2
0의,2
있었음ㅋ,2
하라구,2
언급되는,2
포의,2
애들이랑,2
나올때까지,2
인겜에서,2
이내,2
전선,2
분수,2
안쓴다는게,2
돌리는중,2
최초의,2
5배로,2
김치사발면,2
않지만,2
이루고,2
먹으면서,2
달라니,2
마지막에서,2
안중근,2
없는거냐,2
첨봄,2
전력이라,2
어깨에,2
많긴했는데,2
모으니,2
힐러가,2
아닌가보네,2
바꾸자,2
안주고,2
히루데,2
제출,2
지렁이는,2
고도의,2
ㅇㅇㅇ,2
방법은,2
금태도,2
쫄리네,2
피떡으로,2
카사에는,2
함선도없고,2
정신을,2
초딩썰,2
그랫음,2
빨아먹으면,2
먹었노,2
나옴ㅋ,2
일어난,2
즉시,2
나은거,2
없는걸,2
알려죠,2
종료다,2
흥분한,2
남았잖아,2
망겜이라고,2
점부,2
인간들,2
차이임,2
개처럼,2
회복이,2
느끼지,2
녹차,2
좋아할거,2
콤보,2
1주년때,2
공익한테,2
중국인이,2
요즘엔,2
어때,2
하나임,2
없을까,2
쳐보셈,2
국적,2
그때가,2
걔랑,2
아이리님,2
재밌었는데,2
필요도,2
천장을,2
낸다고,2
5퍼,2
반응은,2
찐따,2
진짠가보네,2
힐데인가,2
픽업을,2
노래는,2
누렁이임ㅋㅋ,2
보냈다,2
성공임,2
하려다,2
ㅁㄹ,2
각성캐가,2
혹여나,2
있는거같음,2
사연안써,2
어렵노,2
건을,2
사도랍시고,2
침식파가,2
이쁨,2
4월31,2
카붕이들은,2
되기도,2
빼곤,2
못잊지,2
받아내느라,2
템빨로,2
붙은거,2
퍼다,2
도게자박고,2
감자칩,2
일일히,2
융합하는,2
느껴진다,2
카린이,2
그들의,2
목줄달고,2
못보네,2
뻗어서,2
부활하면,2
사카스피리츠,2
연계,2
테포,2
그림도,2
안잡히고,2
로또,2
대비해서,2
고3은,2
100~200위,2
원했던,2
떄문에,2
젖은,2
도합,2
악명높은,2
저만,2
나왔던가,2
그녀석,2
높은거,2
일러레가,2
높노,2
이수연스트라이크,2
걸까요,2
띠용,2
아까워서,2
물어보는거,2
4타워,2
표준훈련자료,2
메이슨,2
됨ㅋㅋㅋ,2
안해주네,2
안되겠노,2
가까이서,2
하찮은,2
하고영어식,2
강한게,2
나오기전에,2
깔리는,2
해보지,2
160뽑,2
못바꿈,2
유저와,2
좆대로,2
바라보고,2
씻어서,2
질문좀,2
이때다,2
좆지랄,2
주입한,2
안걸린,2
듣긴,2
시설,2
낳으면,2
않을거,2
괜찮나요오오오,2
클레오파트라,2
같기는,2
있었구나,2
리타나,2
없단,2
선언,2
무료가챠,2
감옥에,2
가리는,2
병원,2
젖가슴,2
사마귀,2
늑대>,2
천장각,2
녹이기,2
의해,2
꼴리니,2
흥행이,2
만들때,2
있겠냐,2
가능한가,2
생각해볼게,2
잘못해서,2
이왜진,2
쓰레기임,2
안광이,2
a가,2
나올게,2
226명이면,2
쓸줄,2
셋바는,2
냅둬도,2
상대도,2
놀라운,2
위에는,2
닮음,2
육익이,2
인생은,2
추천해,2
학습하는,2
건하면,2
브금연출로,2
몰랐음,2
잘되게,2
습격한,2
시윤이는,2
아틀라틀,2
제곧내,2
폭신폭신,2
날이지,2
빡쳤지,2
최대의,2
당연한거,2
이상하지,2
묘한,2
부릅,2
개사기,2
봐선,2
어떤가,2
KT,2
까맣노,2
때문인지,2
안나오더라,2
시기상조,2
던전을,2
찾아볼,2
욕을,2
재생하는,2
패션애꾸,2
느낌이라,2
넣음,2
뜨거운,2
게임으로,2
계약권,2
시그마는,2
빡세다,2
군사,2
CH1104,2
붙인,2
분탕질,2
셔츠,2
실력을,2
레이싱하다가,2
편이라,2
쳐져서,2
줘야하는,2
받을수,2
없었고,2
쓰자,2
컨텐츠임,2
메이즈랑,2
하나둘씩,2
깡통은,2
기계간,2
앞서,2
1월에도,2
노사연ㅋㅋ,2
말하는거임,2
이지랄해서,2
오싹오싹,2
했거든,2
생각하는데,2
체크,2
그년,2
울고,2
상품에,2
남김,2
기타,2
호감이었는데,2
서버에,2
올려줄거임,2
있는걸로,2
코너,2
본인이,2
팬티스샷수백장,2
훌쩍,2
아닐거,2
줄도,2
사슴은,2
오퍼로,2
켜지면,2
떨어짐,2
뒤를,2
내년까지,2
끝났으면,2
옛날에는,2
치우면,2
알파트릭스,2
말고도,2
다른애들은,2
마당,2
일섭버젼,2
고대원시전설,2
베테랑,2
할만한데,2
조스로,2
친다고,2
딜로,2
보라로,2
개좆같이,2
뭐의,2
순서,2
@잉딩,2
아ㅋㅋㅋㅋ,2
시진핑,2
먹이가,2
인질로,2
약화시켜,2
념글티켓,2
갈릴,2
많겠지,2
프린팅,2
적은건가,2
곳을,2
반나절,2
초딩마왕정도면,2
이런콘이다있냐,2
<<<<,2
보십시오,2
원망하는,2
융핵으로,2
빠지고,2
힘들때,2
끽해야,2
허무해졌다,2
방주가,2
도셈,2
휴먼아,2
보장이,2
개같은,2
9렙,2
병신들이라,2
만원은,2
먹을수도,2
쳐내,2
첨보네,2
박수를,2
다같이,2
피지컬,2
화사,2
낮아서,2
아니까,2
말하지,2
놈들한테,2
아래쪽에,2
있길래,2
섭종했다매,2
영업,2
나갔을,2
찌질해서,2
인공지능이,2
박은거,2
나올지,2
커버송,2
뭐하냐,2
계산에,2
아닌게,2
1000명중,2
한손으로,2
겨울에,2
상점이랑,2
내심,2
숨기기,2
간간히,2
르에,2
패닉,2
여포랑,2
중이었다,2
그리는,2
코이츠,2
공홈,2
비틀어,2
신경쓰여,2
좆같네,2
뻔한,2
2종,2
물총,2
그렇지만,2
땅에,2
공방,2
가으니,2
등장하면서,2
모아둔거,2
은은하게,2
설치광고는,2
쓸만하지,2
돌려놓고,2
그림자전당,2
쿠폰입력하려고,2
콘텐츠가,2
특성상,2
퀸의,2
진국인데,2
한번쯤,2
7T는,2
8챕,2
유진이는,2
녹음된,2
날아가고,2
심심해서,2
똑같겠지,2
똑같음,2
멱살,2
고민함,2
여성형이라고,2
원피,2
1의,2
블루브릿지,2
호감이기,2
사야함,2
쓰니깐,2
16연승,2
훈련소,2
꼴리는게,2
퀸에게,2
떨구길,2
14명,2
힐데나,2
쳤다고,2
꾸고,2
실수를,2
치고는,2
호빵,2
모르면,2
들어갈지,2
독일어로,2
이럴듯,2
있잖음,2
않습니까,2
개꼴리는데,2
워낙,2
외에는,2
가늠,2
둘러보고,2
바쁘다고,2
내일은,2
내껀,2
냄새가,2
ㅋㅋ근데,2
불사,2
필요하노,2
미친놈인가,2
접근하면,2
가리고,2
30판,2
푸하하,2
들어가는,2
일껄,2
많을텐데,2
좆버,2
스피라를,2
SR이라,2
많아져서,2
한자리,2
기대가,2
ㅇㅅㅇ,2
명칭,2
방송보고,2
군림지경,2
쭈욱,2
없을걸,2
카메라가,2
됐을듯,2
버티지,2
먹다가,2
니가와망겜,2
주작하고,2
면허가,2
모니터에,2
천장쳐서,2
태워,2
응답바람,2
같은놈들,2
은근슬쩍,2
몇번씩,2
뽑을까,2
될텐데,2
나며,2
좋긴한데,2
잡은,2
크리넥스,2
레전드jpg,2
안나올거같은데,2
녹방,2
리플송이랑,2
크지,2
싶기,2
킹의,2
브픈,2
튕겨져,2
성야의,2
스킨사면,2
빼고는,2
했다는데,2
소리친다씨발년이,2
보스가,2
상연이는,2
패치를,2
로고,2
클라리넷은,2
올라왔던거,2
챈바,2
사장이라,2
끝내고,2
십ㅋㅋㅋ,2
초기화임,2
뼈대,2
놀랐네,2
3개다,2
세리나,2
발을,2
올라가냐,2
등으로,2
브금도,2
벅차,2
광역,2
도마일단,2
제발요,2
감초,2
시즌부터,2
챌린저,2
부탁합니다,2
될수도,2
상관없는데,2
올려줬을,2
메이밍,2
못할듯,2
vpn,2
당첨자입니다,2
돌아가라,2
좆데가,2
호진이,2
믿을,2
잡아도,2
맡긴,2
안되니까,2
겜하면서,2
걸려라,2
인성,2
그분,2
두배,2
용서를,2
건덕지가,2
쓰다듬,2
피로가,2
신기하긴,2
호감이야,2
1점은,2
대갈,2
무료로,2
분탕안치고,2
일으켜,2
센가,2
선착순이라,2
만들까,2
합금,2
그림이,2
낼만한,2
다양한,2
10강이,2
호라이즌에게,2
다이브에서,2
올라가는,2
어려워,2
홍차,2
가야됨,2
클라리넷도,2
끈적한,2
까는거,2
아메리카노,2
일어났음,2
흔드르라,2
고정임,2
세운다,2
진짜임,2
점심시간,2
피난,2
얻는다,2
여가부랑,2
70퍼,2
급하면,2
원동력이,2
싞틀이,2
눈뜨니까,2
하는새끼,2
어디가,2
성대,2
포첩,2
능력자,2
좆망한,2
7t도,2
범벅이,2
마렵네,2
부족하니까,2
안정적인듯,2
당첨안되는,2
특화,2
속도를,2
조만간에,2
뜻으로,2
이벤트에도,2
마찬,2
리그전은,2
나대는,2
둘이서,2
아아~,2
예전부터,2
초기캐릭,2
주는걸로,2
황자가,2
생각으로,2
못이기는,2
평일에는,2
한거라고,2
끼니까,2
들어가면,2
있을걸,2
흥해야,2
시켜주는,2
매물,2
파르닥의,2
관에,2
떳냐,2
너희가,2
존버해야,2
일러에,2
혜자라,2
서버가,2
페도캐,2
목소리는,2
지났는데,2
메이플식,2
네임드,2
만으로도,2
불쏘시개,2
영상이나보자,2
채널에,2
애매해서,2
만들면서,2
입장도,2
컴퓨터는,2
좋음ㅋㅋㅋ,2
많소,2
간지나서,2
신박하네,2
공속말고,2
1차,2
한끼,2
스토리로,2
생전,2
공지를,2
마음대로,2
칠지,2
흔함,2
멘션마스터,2
스벅,2
겜안분,2
지지해,2
진지하게,2
쥐뿔도,2
검은사막,2
틀면제일,2
빵디,2
보였던거,2
망했으면,2
각자,2
손좀,2
창씨개명,2
스샷대충,2
포기한,2
쏘는,2
부분에서,2
타락하면,2
하는등,2
츄라이츄라이,2
특무함,2
복귀한,2
당첨확률,2
배리어를,2
수시채용이,2
새해,2
녹아서,2
퍼온,2
얻는거,2
한줄이,2
네헤모트랑,2
상사가,2
5점줄,2
빠져,2
풀융합,2
등의,2
탈탈,2
지피가,2
속좁은,2
그날,2
이런데,2
가호,2
남은게,2
통치자를,2
무료배달,2
떠나서,2
전체적으로,2
마음으로,2
올리든,2
돕고,2
정신차려,2
다시떠,2
애니플라자에서,2
없엇음,2
오로치에,2
이야기도,2
류금태의,2
막걸리,2
기말,2
따르는게,2
핫도그,2
떨군다,2
나유빈을,2
용있는거,2
호라이즌을,2
봤고,2
28일에,2
맞으면서,2
재미있었음,2
따듯한,2
머신건이,2
이미지밖에,2
박히는,2
찾네,2
넥슨에,2
실적이,2
알거같음,2
신비는,2
하는대,2
어렸을,2
구관검이,2
1위가,2
낸다던,2
쿼츠가,2
이용권,2
그동안,2
오르던데,2
박사,2
것들은,2
인기있나보다솔,2
벽람도,2
아깝다,2
팔로,2
안한놈,2
들으니까,2
와이파이,2
그부분,2
기대중임,2
돈때문에,2
구걸해서,2
할법한,2
수준이라,2
개발하는,2
다리에,2
타오린도,2
까놓고,2
모네임다,2
토마스를,2
서윤이나,2
VS,2
낫지않나,2
중요하지,2
근대,2
3별하려면,2
여어~,2
보추라서,2
돌리기도,2
몸은,2
천장없이,2
선녀로,2
1장임,2
무친캐릭이다,2
한숨을,2
놀랍게도,2
간단히,2
챈에다,2
몹들,2
일본애들이,2
몸좀,2
ㅂㅂ,2
해두고,2
하긴했지,2
애미뒤진,2
불명,2
19금,2
귀족임,2
했다면,2
고여서,2
견제,2
그랑사가,2
용도가,2
비트는,2
포주,2
기반으로,2
노예->,2
이름이다,2
강한사람,2
글쎄,2
구려서,2
10분째,2
좋을까,2
개뿔,2
쓰알은,2
안나는데,2
좋아해서,2
버프주고,2
오로치를,2
비용을,2
대꼴인,2
말아줘,2
전용템,2
추첨기,2
할거같진않고,2
금태상연,2
매장,2
대체불가능한,2
역할인데,2
여친이,2
오르카네,2
떳떳한,2
블랙요원,2
미카스타도,2
대사도,2
했는대,2
남았어,2
2년이나,2
어울림,2
유저도,2
돌릴때,2
패고,2
찬성,2
뽑아야했던건,2
뿜어져,2
여긴,2
계정좀,2
가보니,2
까만,2
EP4까지,2
안줌,2
왜안샀어,2
사라다빵,2
올려놓고,2
고민이,2
됐나요,2
재밌다고,2
비틱간다,2
지켜봐야지,2
트루,2
되면서,2
응모는,2
오우쉣,2
위의,2
안나오나,2
비율이,2
나같은,2
편지로,2
먹던,2
지난번에도,2
정부,2
소름,2
부탁드립니다,2
이름인데,2
케이스가,2
씹호감이지,2
한다던데,2
신비뽑,2
방송만,2
맛에,2
켜져,2
어떻게하실검까,2
1-4만,2
관리자의,2
방식인데,2
장례식,2
첨보는,2
할수있는게,2
싫고,2
강산이,2
베인,2
끔찍하게,2
느낌인데,2
스캐빈저,2
어렵네,2
한탄글,2
버리는게,2
그려야지,2
보듬어,2
있었어,2
보이게,2
모르겟어,2
짤쟁이가,2
들어간거,2
생각해봤음,2
거르고,2
똑같다,2
그마저도,2
단톡방,2
박혀서,2
누르면,2
날리고,2
만땅되는,2
길드에,2
Rosaria는,2
차선책,2
<아카데미,2
클리어한,2
폰에,2
주기적으로,2
신뢰도,2
뒤지기,2
포인트는,2
왕뚜껑이,2
길고양이들,2
끝났는데,2
블아도,2
채무자,2
우중충,2
니가와하면,2
잘한게,2
희망을,2
딸피,2
베어,2
실존,2
이터니움이,2
대적자나,2
부탁이,2
피통,2
썩어,2
별명이,2
가능해졌다는,2
골리앗,2
아뇨,2
존잼,2
서폿라인,2
기억밖에,2
리타가,2
튼튼해서,2
썼을까,2
뿔같아서,2
나머진,2
이시발,2
안나오고,2
있으신분,2
레이랑,2
멈춰주세요,2
백수,2
주면5점,2
힘들다고,2
나오는게,2
모양으로,2
되기를,2
아무말,2
에이미가,2
뽀송이라고,2
흘리는,2
인류의,2
못받음,2
맞는거같은데,2
각퀸,2
건하는,2
아니지않나,2
낚여서,2
나와야됨,2
애송이,2
상승,2
순위권,2
카즈나스트라이크,2
저랬으면,2
일본섭에서,2
하기로,2
뽈롱,2
주시윤한테,2
생각하고,2
업시,2
붙여둔,2
좋은거같음,2
9호,2
주인공은,2
좋겠노,2
킹이랑,2
정액도,2
로아,2
있었을까,2
좋아하니까,2
실험체,2
살아갈,2
방해,2
만들게,2
0이면,2
에픽세븐도,2
볼래,2
예쁘네,2
싫어도,2
도와달라,2
성공했노,2
자잘한,2
챌린지는,2
내일도,2
살려둠,2
여캐가,2
pc판,2
기채가,2
한마리,2
평점달라고,2
타이탄이라고,2
가능은,2
날아가서,2
나체,2
R등급은,2
보낸,2
다이아몬드,2
이뭔십,2
버그는,2
사연도,2
비춰야,2
받다,2
각인가,2
배빵,2
해명해,2
개선과,2
많았음,2
개좋네,2
등판,2
밸런스가,2
천장도,2
뭐부터,2
망해도,2
날린다,2
판매하는,2
20세기에,2
목적을,2
환생,2
잡게,2
5발,2
분탕친,2
1개도,2
작음,2
뺴고,2
됐잖아,2
공무원,2
암거래,2
깨져서,2
사연읽기,2
1시간만,2
정신차리고,2
이번주에,2
운전을,2
내년엔,2
거라서,2
먼일,2
오나보네,2
했으면서,2
생각해도,2
부럽다,2
되니깐,2
우왓,2
미쳤냐고,2
로살리아다,2
혼자가,2
유지를,2
두렵다,2
새끼인데,2
있었다그,2
평타는,2
붙어잇던거,2
20%감봉입니다,2
수화,2
위치가,2
풀업,2
new,2
올만에,2
줄어들,2
키워야하는,2
천장이라도,2
좋아하는것,2
탄환없는,2
부르더니,2
SNS,2
이치노세,2
개조한,2
스킬만,2
바뀌면,2
잘부르더라,2
개구린,2
장미를,2
해진거,2
스텔라,2
해서는,2
한명도,2
적용한거,2
업글이,2
서윤한테,2
시벌탱,2
기대된다,2
50개씩,2
달린다,2
마냐,2
왜이렇게,2
4분의,2
종신해도,2
아무런,2
상연아,2
없더라,2
줘야할,2
내렸다,2
안에서,2
설정을,2
클딧,2
메이즈가,2
추첨해서,2
할카스,2
스텟,2
절충해서,2
무장인,2
보고싶어,2
괜찮다고,2
비율은,2
코코볼,2
안됐네,2
애정캐,2
각성재무장,2
공중이든,2
신고기능,2
이프리트,2
굉장히,2
안할거임,2
망하고,2
몇시간,2
열일,2
화나는,2
궁금한게,2
에너지를,2
설테고,2
맡아,2
낸게,2
에픽은,2
2~3달,2
웨이브,2
감지,2
싫어함,2
건가요,2
논란7,2
이라고도,2
데수웅,2
가차겜,2
나오자마자,2
붉게,2
리플송하고,2
얘도,2
하겟다,2
대학과제,2
괜찮다네,2
쓰여서,2
오만한,2
노력이,2
맛있게,2
why,2
다이브로,2
나오려나,2
시작하는거,2
Pvp,2
소환하는,2
굿아이디어,2
찾아보면,2
방송으로,2
거각후라이도,2
마려운데,2
말하는거면,2
안접은,2
제노스,2
무기도,2
분재로,2
개수를,2
젊유빈,2
그새끼들,2
섭종이,2
귀를,2
공인고수,2
얘네는,2
알겠노,2
사람이네,2
생각안남,2
지옥의,2
지면이,2
카드를,2
한쪽은,2
이용해먹는건,2
버거운데,2
ㅋㅋ나,2
있는건데,2
개인적으론,2
뭐였지,2
살앗다,2
웃어,2
있더라도,2
힘이나,2
햇지,2
마왕들에,2
일상병자,2
분기는,2
재앙,2
잡아먹고,2
밀려서,2
카운토,2
많이씀,2
뒤로가기,2
ㅅ발ㅋㅋㅋ,2
저중에,2
주기도,2
안나오는거지,2
저걸로,2
사이도,2
범인,2
이수연은,2
업보지,2
돌아가면,2
공격해서,2
카케에서,2
길은,2
산타걸,2
가챠는,2
일편단심이었는데,2
5챕,2
ㅋㅋㅌ,2
발렌타인,2
인간은,2
겜하는데,2
대문,2
얼터그레시브,2
걔도,2
깨진거,2
짜잘하게,2
불가능해서,2
아쉽노,2
광고에,2
구원파,2
4만원이면,2
이게끝,2
아니구나,2
좋으니,2
재밌게했었는데,2
도입해줘,2
죄로,2
T7이,2
스토리라,2
4성이,2
외주인가,2
나쁜놈들아,2
명방콘,2
서버마다,2
따라서,2
챈럼인게,2
양하림은,2
어케봐,2
<파이어펀,2
생겨서,2
말이냐,2
떠다니는,2
걸면,2
하나밖에,2
꽂힌,2
독일군,2
침식체들은,2
여러명,2
웃길듯,2
만들어짐,2
100만,2
설정도,2
두달,2
잇지만,2
카사하면서,2
발정하면,2
알렌이,2
전용장비,2
젖이,2
개웃겼음,2
비주얼,2
순간이,2
자~,2
라르고로,2
근거로,2
등장인물,2
되겠구만,2
노근본,2
있는건가,2
것이라고,2
아닙니다,2
초반이,2
기본으로,2
만들었어,2
극옵띄워야,2
지방,2
중독성,2
버프해,2
플레이어블,2
짜증나는게,2
리플송게이,2
흑막,2
중첩에,2
신기함,2
zzzzzzz,2
오픈때,2
쇠파이프에,2
다르니,2
일어나서,2
저정도는,2
해봐야겠다,2
댓글창,2
물론이지,2
안난다,2
읽는,2
50은,2
쟤넨,2
사냥개>,2
로봇,2
이참에,2
유튜브에,2
써가며,2
해당하는,2
광고보고,2
ㅏㄹ,2
알비온이,2
용언으로,2
오퍼는,2
금터마크,2
찾아보는,2
사커스피리츠,2
아깝우니까,2
도와준,2
킹도,2
길다,2
뜨는데,2
복을,2
조금만,2
접는게,2
안되는데,2
1-4가,2
사연당첨,2
없다고봄,2
지나가는게,2
올려줄텐데,2
우리겜,2
일주일에,2
오짬,2
ㅋㅋ뭔,2
이랬다,2
작아서,2
방주를,2
왜그래,2
껐다,2
워의,2
출첵,2
시바후는,2
문명,2
채용하고,2
무료연차,2
이거는,2
나공익,2
최지훈,2
사이를,2
가능하면,2
로스트쉽,2
피크,2
페그오도,2
방만,2
줘ㅋㅋㅋㅋㅋ,2
됐고,2
줄만,2
50%가,2
실루엣이,2
아이콘의,2
부정적인,2
허접ㅋㅋ,2
crf,2
솔라,2
뒤쳐지는,2
어케든,2
원더,2
복수,2
미니는,2
찌라시,2
폭락했더라ㅋㅋ,2
ㅡ건공ㅡ,2
덱을,2
당첨기원,2
도는게,2
가난한게,2
죽기,2
주십시오,2
고통에,2
성격상,2
감정이,2
차근차근,2
나왔지,2
레지나가,2
정상위,2
출신이라,2
155mm,2
솔카콜라,2
남서부에,2
플래쉬,2
오늘이,2
생겼는데,2
며칠전부터,2
가둔,2
맛있었음,2
관념적,2
빡쳐서,2
각성하나,2
장점,2
교환소,2
알려줘라,2
독을,2
넬슨은,2
편성,2
내동생을,2
안듦,2
자기도,2
모브병사,2
도주,2
괜찮으면,2
포함한건,2
없다계산,2
받았으니,2
뭐죠,2
지원해,2
웃으면서,2
옆나라,2
평켓단은,2
스킨이라도,2
본게,2
기념으로,2
특별한듯,2
싫은데,2
그지라고,2
어림도없지,2
필사적으로,2
밀리아가,2
못했지만,2
시발진짜,2
시작하자,2
풍기위원장,2
사릴려고,2
사료뿌리고,2
맵에서,2
패치가,2
고민하는,2
콜록,2
씹덕캐는,2
사리곰탕,2
끼는건,2
꼭지,2
반박을,2
내닉,2
없어져도,2
나냐,2
키가,2
출신임,2
따지고,2
말일세,2
일일미션,2
좆방,2
개인의,2
지금하면,2
리플송보다,2
찌르는,2
불타는,2
되가는,2
구관병,2
뜻함또,2
유키,2
짤도,2
발급,2
산다,2
보인다고,2
싱글벙글,2
문제들,2
매기기엔,2
됨근데,2
거기다,2
킹무위키,2
사연이라도,2
삭제하는,2
그다음,2
무쳤노,2
츤데레,2
헤일로도,2
같지않냐,2
사장없어도,2
수업,2
다먹고,2
벗어나,2
상연이나,2
그당시,2
한달전,2
렐릭에서,2
최단기퇴물,2
마인드노,2
크로스로드까지,2
총병,2
따위가,2
치워,2
동요를,2
당첨됐다,2
보급소,2
아래에,2
시한부,2
왠만하면,2
콜라보때,2
리롤,2
선택과,2
표정의,2
서비스종료,2
시간지나면,2
사도들이,2
개빡칠듯,2
힘은,2
생각해요,2
상태가,2
봉합,2
이상하다,2
살린,2
오는거라,2
인물데이터,2
구린가,2
장르는,2
망했다는,2
있을거라,2
발가락이,2
형님겜,2
도플갱어,2
그렇게나,2
그렸다,2
비비큐,2
방송때,2
것으로,2
하나인,2
귀여움ㅋㅋㅋ,2
잘못된,2
띄우는,2
줄라고,2
육계장,2
팬티부터,2
후식은,2
리세마라,2
분탕에,2
통해,2
승률,2
마음을,2
것입니다,2
연기하는,2
못들은,2
줄사람,2
원툴,2
필요할,2
사춘기와,2
드냐,2
대장”“,2
배달어플,2
핫게이,2
어린이날,2
그랬슴,2
한번은,2
일개,2
수리점에,2
됐겠지,2
태클,2
지금하고는,2
찌질한,2
어캐된거야,2
하기엔,2
선생님과의,2
로잘리가,2
꼴에,2
나오는거보면,2
개웃김,2
써줘,2
수두룩,2
간식,2
약속,2
분탕안치면,2
회수,2
수건,2
밥이라도,2
솔저로,2
펭구갓아서,2
대보셈,2
실패광피감,2
살아가는,2
건공=서울대,2
하는순간,2
크아악,2
미스틸테인을,2
매운맛,2
해주지,2
챙기고,2
디펜더가,2
볼수있음,2
좆망함,2
놓친거면,2
처음이자,2
없어짐,2
즉결,2
보조장비는,2
틈이,2
안바꾼다,2
생긴거만,2
로긴,2
허공에,2
컴퍼니의,2
일섭리세,2
방심안하는,2
나서서,2
민초,2
자위나,2
정보탭에,2
추천하는건,2
신화의,2
피라도,2
별다른,2
뿌려라,2
탈출한,2
염병,2
고생하는데,2
짬이,2
순함,2
라이센스,2
퍼블도,2
올랐네,2
게임만,2
져야지,2
딜은,2
폴아웃,2
유효옵,2
모더나,2
교실이,2
무수한,2
다음주에,2
두십시오,2
마망이,2
편지는,2
눈오네,2
수준까지,2
가돌이,2
하나보고,2
함선체스오토,2
들어와서,2
남자의,2
생활에,2
목표를,2
찾아야지,2
처참,2
5점테러,2
해줬으면해서,2
시험,2
뿌렸다고,2
기체그,2
다른세계,2
생일이,2
달라고하면,2
않던가,2
말씀하시는군요,2
성역화,2
올바른,2
독일어는,2
한두개가,2
몰랐네,2
근무,2
스토리를,2
주거,2
그림들,2
이새긴,2
포즈,2
타닥,2
미아,2
오픈덱,2
ㅋㅋ야,2
지랄마,2
콜라보도,2
떨군거,2
흥할지,2
논란5,2
캐릭풀,2
중딩때,2
만난,2
수없어,2
한국섭이,2
클린,2
개빡친,2
LIKE,2
일반유닛은,2
어디갔냐고,2
방송보는,2
추가하면,2
큰사발,2
에어팟,2
10대,2
오늘은,2
재밌네ㅋㅋ,2
90도,2
지금처럼,2
추천인퀘,2
원신에,2
많을수록,2
중복캐,2
없었어,2
먹히지,2
이토록,2
터지더라,2
풀로,2
런한,2
미나링은,2
십가능,2
복귀해서,2
걱정이,2
그쪽도,2
돈까스,2
하피는,2
수정함,2
좆성능캐가,2
IF,2
깡통과,2
바꾸기,2
늙대개,2
7티는,2
철골,2
까먹음,2
쫄딱,2
고쳐주고옴,2
즐겁고,2
단편집,2
개념의,2
큰거오냐,2
오래오래,2
질러야지,2
육개장은,2
즐거웠고,2
님말대로,2
해야하지,2
늘리는게,2
게임이라고는,2
M으로,2
꼴아박는,2
행복하게,2
대적자의,2
자필도,2
자기일,2
많어,2
기어오르는,2
중앙의,2
알까,2
차려서,2
소리입니까,2
이이게,2
건공이래,2
만하다고,2
맞겠지,2
유래가,2
해버리는,2
악수,2
카일윙,2
200퍼센트,2
결코,2
해놨네,2
프레드릭은,2
이름에,2
뿌렸음,2
맞긴하지,2
40분,2
보내는,2
인대,2
오픈기념,2
파직,2
중반,2
말하는게,2
전서버,2
현질,2
미인,2
끝났네,2
댕라보다,2
까니까,2
2년차,2
신캐가,2
너른,2
혹시몰라서,2
지키기,2
각힐은,2
지역은,2
야식,2
돌파,2
봉인된,2
거는데,2
혜자인,2
그런가요,2
담주에,2
알면서도,2
힘을쓰면,2
잠재는,2
곳으로,2
바라본다,2
크로노스,2
예고한거,2
ㅋㅅㅋ,2
됏음,2
해결방안을,2
맘마통인,2
TV,2
다음날,2
생략하고,2
못하는게,2
셔터,2
웃는,2
굽네,2
부옵스충,2
그외에,2
상향받고,2
1-1,2
있다그,2
꼴아박고,2
머가,2
잠입공작,2
구글평점,2
떠오릅니다,2
하얗게,2
없애고,2
기만하고,2
홍어는,2
안하는거,2
우산,2
팔라스,2
됐는지,2
원래는,2
클로리,2
그자체네,2
붙여서,2
ㅈㅈ,2
여기에,2
어이없는,2
감동적인,2
좋은편인듯,2
아니였음,2
떠있음,2
들을수,2
쓰잖아,2
쉬불,2
편해짐,2
못받았으면,2
하다만,2
정상임,2
소중한,2
씹악질,2
아니었지만,2
클저가,2
없겠노,2
15일동안,2
각성이라는,2
밀었음,2
없으나,2
입으로,2
병신인가,2
이거처럼,2
ㅠㅠㅠㅠㅠㅠ,2
나오던데,2
축전임,2
때문일까,2
개신교식,2
구관총이,2
않았을까,2
안나와,2
그밑부터,2
짓이,2
따위는,2
시급,2
섭종한,2
화이팅,2
우선도,2
님들님들,2
일섭축전,2
태어난,2
레즈,2
안정화,2
나랑은,2
중국은,2
저절로,2
쓴다면,2
아가씨의,2
얘기할,2
내려가고,2
개뻔뻔해서,2
인플레가,2
콧수염의,2
백보,2
내용은,2
돌이켜보면,2
좋다기보단,2
보내면,2
마침,2
운영분탕으로,2
남성의,2
뭐냐고,2
쓸게요,2
쟤네는,2
원주민인,2
나았음,2
응원해,2
아가리에서,2
건공이라고,2
않았다,2
잘하지,2
숫자가,2
인격을,2
외쳤음,2
가보면,2
20대,2
고거,2
Pve,2
녀석들,2
진지빨고,2
돈은,2
스트라이브,2
봣지만,2
찍어서,2
버티다,2
정신력,2
군대,2
잡템,2
차마,2
그를,2
스트라이크만,2
불안한,2
어렵게,2
없애면,2
각힐이지,2
요즘도,2
이정도면,2
머리스타일이랑,2
주요인물인데,2
황올,2
돌아와서,2
일인가,2
없구나,2
2갠가,2
님도,2
사과문,2
천장친,2
음식,2
울다,2
평점복구,2
나오질,2
태스크포스의,2
싶더니,2
대행,2
원안,2
집중이,2
더미,2
어케따먹히는게,2
이재명,2
생각해본,2
티어를,2
공적,2
안했노,2
싸게,2
각한솔은,2
컴퓨터가,2
당첨된게,2
원체,2
마왕이랑,2
까닥까닥,2
아다리,2
저쪽은,2
접으니까,2
어떤지,2
멀쩡하게,2
써봤는데,2
구리면,2
그래더,2
엉덩이가,2
커피도,2
반당주파에,2
댕시같은,2
존나웃기네,2
심하게,2
우리의,2
나올것같다,2
용어라고,2
친구가,2
하나보네,2
상관없음,2
직장,2
된건데,2
사라졌다,2
오픈하고,2
할만할,2
달림,2
신작은,2
나올법한,2
변형으로는,2
한계가,2
어쩌지,2
아무거나,2
밑에껀,2
아이고,2
회사렙,2
좋을거,2
들여서,2
60명,2
저런말,2
가져간다,2
와리가리,2
얘기하는데,2
멋짐,2
3월달에,2
기억하고,2
회전목젖치기,2
나을듯,2
아쉽긴,2
선택권으로,2
뿌려야,2
정상으로,2
채굴팀,2
준비하고,2
할거라는,2
불완전한,2
낳은,2
야생,2
파라과이,2
이말이,2
그러기,2
카피디가,2
시킬라는거,2
시간이랑,2
듣냐고,2
포기할,2
부딪혀,2
잘하려고,2
챙길,2
ㅂㄷ,2
리멤버는,2
귀찮아서,2
보통은,2
추천한건데,2
잘먹었어요,2
혜자임,2
다음엔,2
여권,2
대면,2
비었음,2
많이남,2
브릴리언트,2
50%도,2
모를듯,2
노무현을,2
하지도,2
가능성이,2
내인생,2
자리를,2
994,2
보복,2
살아난,2
그것이,2
먹으라고,2
상관이,2
스킬북은,2
ㅖㅏ,2
쌓이는,2
100포인트,2
싹다,2
쉽고,2
케오베,2
바로바로,2
친구들이,2
배신하고,2
카사짤,2
전생시킨다는데,2
비쥬얼도,2
목좀,2
해외에도,2
저때,2
마려움,2
살려줘,2
얘기하니까,2
뉴비용,2
꺼라,2
그리다가,2
커피포트,2
줄려나,2
PVE에선,2
먹는다고,2
강화하기,2
저녁은,2
뉴비인,2
버전도,2
오또케,2
업그레이드,2
풀오토,2
그랬나,2
of,2
생방이라,2
그거때매,2
되는구나,2
디지게,2
나오겠지,2
해보려다,2
클리어파일,2
언제까지,2
기억에,2
사연이벤트,2
이름을,2
알던,2
친구에,2
빈도,2
추출하여,2
끝남,2
이미지라고,2
애호해,2
말하는줄,2
쓰이긴,2
떠오름,2
래하는,2
폐사할,2
켜놔서,2
알았으면,2
외전도,2
일괄,2
1부,2
반복되는,2
섭종해버린,2
인체편,2
당첨안됨,2
생각난건데,2
라니방송,2
ㅋㅋㅋ이거,2
성역의,2
공불로,2
기부하고,2
이년이,2
“관리자는,2
슈퍼뉴의,2
대회,2
썻는데,2
인자가,2
보고만,2
가져오면,2
한때,2
여성의,2
공식만화,2
함근데,2
걸리네,2
나왔나,2
4점으로,2
매력이,2
Like,2
한번이,2
안됐는데,2
레이를,2
수류탄,2
보고도,2
노력하는거,2
베너광고까지,2
맵긴,2
아닌거지,2
클리셰비틀기,2
각우가,2
푸쉬,2
마망은,2
부수고,2
애매하게,2
나와버림,2
화나네,2
자랑하는,2
쓰던거,2
추구하는,2
한복스킨,2
스킨나와서,2
괜찮긴,2
구글포인트,2
이런거도,2
미래전,2
문제나,2
생각한다,2
받지,2
지적할,2
번갈아,2
무슨ㅋㅋㅋ,2
어디까지,2
멸균,2
실적도,2
유일한,2
후속작,2
트레일러,2
어른이고,2
가세요,2
재화는,2
있었는데지금,2
빼니까,2
퍼블리셔가,2
귀여운거,2
얀데레,2
이것저것,2
도는거도,2
싸우기,2
맹목적,2
본거지,2
불법,2
찍먹만,2
할거니까,2
녹임,2
나올일이,2
기동,2
그거지,2
올렸는,2
인권이,2
꼴리고,2
한글로는,2
건하다,2
좀비빌려면,2
아라한이,2
미쳤나,2
사진으로,2
찾는다고,2
대화를,2
디자인은,2
함정,2
몇몇개,2
오거나,2
장르라도,2
3점줌,2
상황에선,2
겜하나,2
안죽음,2
했을텐데,2
합류,2
수만,2
뽑음,2
미안한,2
했다네요,2
빡대가리,2
흥행은,2
가즈아,2
각성에이미,2
개새끼,2
원주민들이,2
레전드긴,2
400개,2
시스템의,2
유저인데,2
CSE,2
침을,2
관련해서,2
들어오면,2
안했는데,2
꼴리는것,2
않을가,2
맞추긴,2
죽었는데,2
안하니까,2
뽑기에서,2
완장들이,2
성능을,2
경우가,2
루크레시아한테,2
다루기,2
나왔는지,2
친걸로,2
글로벌,2
넣어줘,2
제시카가,2
10연으로,2
하반신,2
보여주는데,2
신뢰가,2
이제이제이제,2
치피2퍼,2
친선전은,2
공벌레,2
장도리로,2
잇엇는데,2
초대,2
여자는,2
배뷰지,2
넣자마자,2
3시간,2
들리면,2
뉴비때,2
구걸안해도,2
해줘라,2
현재로썬,2
종종,2
못본거,2
108,2
시스템으로,2
업서서,2
설명하고,2
베타,2
한순간에,2
금태회사,2
반동이,2
하는걸로,2
유튭,2
수요일,2
3코면,2
추가적으로,2
리플송ㅋㅋㅋㅋ,2
스톱,2
모든게,2
물리적,2
만남은,2
캐릭인줄,2
안보이냐,2
히사시부리~,2
여태껏,2
장비로,2
조선인이,2
스면,2
종신계약,2
탱템이,2
쳐놀고잇네,2
시윤아,2
리타월급,2
활약을,2
도리도,2
인류수호의,2
준게,2
얘네도,2
설의,2
당일,2
초등학생,2
만족할,2
다행이지,2
챈보니,2
어쩌라고,2
근처,2
털기,2
좋은기억,2
시작부터,2
없는거같은데,2
비용이,2
외모로도,2
평균,2
기니피그들이,2
헷갈려,2
그랬어,2
기니피그들도,2
권장함,2
짤쟁이들,2
대화하는,2
답답한,2
고인물중에선,2
챌에서,2
머영이가,2
당첨이라,2
팀장들이,2
참을,2
푸확,2
안썼는데,2
올려주십쇼,2
부랄,2
화형,2
골라,2
내놓는게,2
로자리이다,2
ㄴㄷ,2
달라네요,2
아트팀이,2
감은,2
스비를,2
격하게,2
이악물고,2
마지막까지,2
타이밍이,2
시켰는데,2
는……,2
오르카랑,2
급이네,2
