index,user,title,content,comment,link,date,veiw,rate
32198485,세이파츠1,"이건 뭔버그임 .. ,",겜이 이상해요,"[{'user': '1q2w3', 'comment': '어캐했노'}]",https://arca.live/b/counterside/32198485,2021-08-18 02:05:05,21,0
32198416,"ㅇㅇ, 211.250",지금 오퍼레이터 버그터져서 스텟 적용안됨ㅋㅋㅋㅋㅋㅋㅋㅋ,스텟 무조건 1레벨 고정임,"[{'user': '돌계뉴비', 'comment': '????????????'}]",https://arca.live/b/counterside/32198416,2021-08-18 02:03:33,43,0
32198368,알파버지니스,치나츠 버그 발생,이번 패치에서 추가된 치나츠 장판형 도트힐이함선 체력을 회복시키는 버그 발생,"[{'user': '눈꽃1', 'comment': '??'}, {'user': '알파버지니스', 'comment': '원래 에블린 도트힐도 함선체력 회복시켰는데 패치된거보면\n이번 치후유 힐도 상정하지 못한 버그임'}]",https://arca.live/b/counterside/32198368,2021-08-18 02:02:26,27,1
32198031,알파버지니스,오퍼레이터 스텟 버그 발생,오퍼레이터 레벨에 따른 함선 체력 공격력 방어력 증가가1렙 스텟에서 고정되고 레벨에 따른 스텟 상승량이 사라짐강화이식 없애면서 발생한 버그같음,[],https://arca.live/b/counterside/32198031,2021-08-18 01:55:21,42,9
32196892,사랑을담아서니코,으악 이게 뭔 좆버그야,크아악,"[{'user': 'lllBoomerlll', 'comment': '왜 혼자 갓겜함'}]",https://arca.live/b/counterside/32196892,2021-08-18 01:31:44,39,1
32195977,월향io,"1.5주년 맨땅 뉴비 공략 - ep1, 강소기업 편-","- 1.5주년 광고 보고 찍먹하러 왔다- 리세 하기 귀찮다- 리세계 사기 부담스럽다위 세가지 경우가 모두 포함될 경우 이 일지를 ' 참고 ' 해도 괜찮음이번에 1.5주년 진행하면서 기존 공략과 조금은 달라질 부분이 있을 것 같아서 부계정 만들겸 진행해봄참고로 나도 유입 한달된 뉴비니까 다른 고인물 분들에 비해서 근시안 적인 판단을 하거나좋지 못한 판단을 할 수 있는점 이해 + 조언 달아주시면 ㄳ처음 로딩 화면이며 터치 하면 바로 튜토리얼로 넘어감튜토리얼은 그대로 따라하면 됨따라하다 보면 다른 공략글에는 없는 우대 채용 이라는 것이 생겼고강제로 10회 채용을 누르게 하는데, 10회를 위한 1000 쿼츠가 어느사이 생겨있는 것을 볼 수 있음리세마라 글이 아니기 때문에 10회 채용을 그대로 눌러줌TIP) 우대 채용 10회 화면이 나왔을 때 강제종료를 하면 1000 쿼츠를 아낄 수 있다( 나는 그냥 저기서 1000 쿼츠 사용해서 캐릭풀을 조금 더 늘린다는 생각을 했음, 쿼츠 아끼는 것도 좋은 선택! )신임 우대채용이 끝나면 바로 선발채용으로 넘어감선발채용을 하기에 앞서 아래 공략글을 참고하자https://gall.dcinside.com/mgallery/board/view/?id=counterside&no=96420이 글을 보고 왔으면 어떤식으로 소대를 만들어야 되는지 조금은 감을 잡았을 거라고 생각함그러면 선발채용에서ssr은 나나하라 치후유 ( 이전 공략과 다르게 더이상 카일웡 과 샤오린이 나오지 않게 되었다 )sr은얘네 중에 2개를 뽑는 다는 생각으로 가자 (힐러 2마리는 x)나는 우대채용 에서 실비아가 나왔으니 김소빈 + 힐러, 린시엔 + 힐러를 들고 올 생각이렇게 나오면 선발채용 에서 최악으로 뽑은거라고 할 수 있음( ㄹㅇ 버그걸림, 치후유 2번 밖에 안나옴 ;; )선발채용은 30번 까지 다시 뽑을 수 있는데 20번 쯤 했을 때부터는 적당히 가져가자...그래도 다행히 지금은 우대채용, 1.5주년 150뽑, ssr사원 추천서 등으로 ssr을 추가로빠르게 얻을 수 있는 수단이 존재하기 때문에 혹시나 나처럼 망했더라도 크게 고민은 하지 않아도 됨그리고 게임 설정에서 표시한 두가지는 꺼두는 걸 적극 권장! ( 스킬 컷인은 즐길만큼 즐기다가 나중에 꺼도 된다 )화면이 자꾸 이리저리 움직여서 많이 불편함그리고 아래 공지글에 쿠폰모음을 등록 하자!https://gall.dcinside.com/mgallery/board/view/?id=counterside&no=164367&page=1쿠폰 등록 링크https://mcoupon.nexon.com/counterside그 후 도감을 눌러서 쿼츠를 받아주고 미션 클리어 된것들, 이벤트,상점에 1.5주년 특별 set up 이라고 무료 패키지를 사주면 2750 쿼츠 이상이 모이고 이걸 사줌고인물이건 뉴비건 상관없이 쿼츠로 구매해야 할 1순위 아이템저 기밀채용권을 통해서 각성 캐릭터를 뽑을 수 있는 기회를 가진다.주마다 2750 쿼츠 이상을 모아놔야 하는 이유( 생각보다 쿼츠는 무료로 수급이 잘되기 때문에 매주 살만큼은 모이는 편임 )그 후 채용에 기밀채용 에서 총 12 뽑을 진행할건데추천하는 캐릭은 유나, 서윤이 두 캐릭으로 쓰여진 공략도 많고 뉴비에게 당장 급한 pve 에서 가장 뛰어난 효율을 보인다고 알려져 있음물론 12뽑 안에 나오는 건 정말 희박한 확률이니까 큰 기대는 하지말자! 우리는 맨땅계 임을 명심하자!???????????공략 망했다 이게뭐누....지금 공략 쓰면서 실시간으로 진행하고 있는데 어이가 없네...혹시 만약에라도 각성 캐릭터가 나온 사람은 그 캐릭터를 중심으로 쭉쭉 키우면 된다...난이도가 급격하게 낮아짐그래도 우선 맨땅계를 위한 글이니까 각성 서윤은 봉인해두고 남은 애들로 진행을 해봄...나는 소대를 이렇게 구성했음샤오린은 이벤트로 주는 ssr 추천서에서 나옴( 샤오린은 나중에 신입 ceo 선택권을 통해서 얻을 수 있기 때문에 달갑진 않다 )소대를 구성할 때는 아래 공략을 참고하자 ( 뉴비에게 좋은 캐릭 )https://gall.dcinside.com/mgallery/board/view/?id=counterside&no=165408본인만의 소대를 구성 했을탠데이 상태에서 미션에 강소기업 미션을 신경쓰면서 ep1 클리어를 목표로 진행하면 됨TIP) 예전보다 ep1 이 좀 어려워진 것 같음, 혹시 막혔을 경우에는딜러1 탱커1 에 연봉협상을 통해 레벨을 조금 올려주자 연봉협상 없이 3-2 에서 한번 막혀서 놀랐음예전과 다르게 2배속, 궁극기 자동, 오토 모드 가 조금 늦게 해금이 된다( 오토 모드는 ep1 이 끝나야 해금이 됨 )+ 중간에 상점에서 1회 구매 미션이 있는데크레딧으로 파는 것들은 매일 사주는것이 좋음( 이곳은 왼쪽 아래 상점 목록에 교환소를 통해 들어올 수 있다 )쿼츠로 파는것은 ' 세일 ' 하는 기밀채용권, 사원채용권 은 살만하다!( 단!, 매주 사는 기채권 2750 쿼츠는 따로 남겨놓자 )그 외에 오른쪽 아래에 갱신을 통해서 쌓이는 크레딧 재화를 여러 재료들로 바꿔주는 것도 매우 좋지만극 초반에는 개인적인 생각으로는 추천하지 않는다( 이벤트를 통해 여러 재화, 캐릭들을 얻을 수 있기 때문 )TIP) ep1 을 밀다보면 한계초월 이라는 튜토리얼이 시작되는데 유미나 캐릭터를 클릭하라고 나왔을 때강제종료를 하면 초중반 귀한 재료인 적성핵을 아낄 수 있다 ( 맨땅계 인 우리는 꼭 해주도록 하자...! )TIP) ep1 을 끝내면 카운터 케이스 라는게 열리는데 관리자의 카운터 케이스는 공짜다보상이 쏠쏠하니 바로 받아주도록 하자TIP) 이 글을 참고하고 있는 사람이 있다면 ep1 을 끝낸 후 바로 ep2 로 넘어가는 게 아니라이벤트 맵을 최대한 빠르게 도는것을 추천한다.( 연봉협상을 통해 자신이 키우는 탱1 딜1 레벨을 최대한 올려서 하자! )이 게임은 이벤트 맵이 노가다 뺑이 치기 좋은 맵이라고 알려져 있다.이벤트 맵을 최대한 뚫고 자신이 갈 수 있는 가장 어려운 맵에서이터니움을 녹이면서 레벨 + 이벤트 재화를 모으자( 뺑이는 오리맵과 돌고래 맵을 추천! 오리와 돌고래 재화로 기채권과 채용권을 살 수 있다 )그리고 시간이 될 때 아래 공략글들 정독 하는것이 굉장히 큰 도움이 된다https://gall.dcinside.com/mgallery/board/view/?id=counterside&no=165407갤에서 내가 쓴 글인데 챈에도 가져왔음 ( 혹시 규칙 위반이면 바로 삭제하겠습니다 )","[{'user': '아이사타#51014657', 'comment': '공략작성용 계정이 비틱하네 ㅋㅋㅋ'}]",https://arca.live/b/counterside/32195977,2021-08-18 01:13:44,60,3
32192182,ㅇㅇ#32661747,시발 에이미 리콜증발버그도있냐 ㅋㅋㅋ,이새끼들은 꼭 뭐하나씩 하자를 만드는구만,,https://arca.live/b/counterside/32192182,2021-08-18 00:09:06,29,0
32190603,찍먹늅,에이미 특수기 위치버그는 언제고치지,특수기쓰더니 맵중앙으로 텔포해서 죽어버리는데 참..적을댕겨와야지 왜 니가앞으로가냐..,"[{'user': '암왕제군', 'comment': '그거 버그 아니고 머 공식 있었는데 챈럼이 찾아낸 글 어디 잇음'}]",https://arca.live/b/counterside/32190603,2021-08-17 23:44:20,37,0
32187644,ㅇㅇ#43030476,이거 버그지? 씨발,얼른 앉으세요 하고 아무것도 터치안대는데 씹,"[{'user': '휘델', 'comment': '이제부터 너가 조교2호다'}]",https://arca.live/b/counterside/32187644,2021-08-17 22:59:20,68,0
32186630,ㅇㅇ#19486275,장비 프리셋 변경하면 애들 배경 사라지는데 버그임??,원래 그랬나,"[{'user': '지힐드', 'comment': '버그인듯'}]",https://arca.live/b/counterside/32186630,2021-08-17 22:44:35,32,0
32185165,Reginae,그대들은 버그를 고치십시오,뭘 하라는거죠?,[],https://arca.live/b/counterside/32185165,2021-08-17 22:20:50,67,0
32184528,메테오,시발 이거 리콜받은 이볼브원 언제 줌?,버그고쳤다메시발,"[{'user': '세인트케인', 'comment': '일단 관리부는 비워두자'}]",https://arca.live/b/counterside/32184528,2021-08-17 22:10:51,99,0
32183343,메테오,아니 리콜버그고쳤다며,시발 그러면 내 이볼브원돌려줘야지,[],https://arca.live/b/counterside/32183343,2021-08-17 21:51:48,129,1
32183133,새벽1시,근데 패치하고 더 불편해지지 않았냐?,버그는 둘째치고 하기 너무 불편한데그냥 예전대로 하면 안 됨?,"[{'user': '종말#38406147', 'comment': '너도 그렇냐?  널찍해진건 좋은데 존나 불편해 시발 ㅋㅋㅋㅋ'}, {'user': 'ㅇㅇ#79729761', 'comment': '본사 관련 장비강화나 연구실 이런건 좀 불편해지긴했음'}, {'user': '이롭#13450642', 'comment': '연구실쪽은 나도 보기 힘들긴하더라 기시성이 좀 떨어짐'}]",https://arca.live/b/counterside/32183133,2021-08-17 21:48:09,64,0
32181667,"ㅇㅇ, 112.214",버그 존나 많네 진짜 ,난 도저히 못 해먹겠다그냥 gg 친다 ㅂㅂ,[],https://arca.live/b/counterside/32181667,2021-08-17 21:24:09,92,0
32181153,이롭#13450642,지부 버그있음,8랩 지부인데 무료로 갑자기 10렙까지 올라감버그 맞지?표시는 계속8렙,"[{'user': '11123#47057837', 'comment': '고건 원래 무료'}]",https://arca.live/b/counterside/32181153,2021-08-17 21:15:50,81,0
32180855,뇌가있는용기병,백신 예약잡았는데 1차랑 2차랑 한 달이상 차이나는데 이거 괜찮노,이거 버그임 ㅅㅂ?이게 뭐노 ㅅㅂ,"[{'user': '제주삼다수군통제사', 'comment': '제조사 권장이 4주인가 그렇다는데 지금 백신물량 딸린다고 그 전에 예약된사람들도 최소 2주~한달 추가로 밀림 ㅋㅋㅋ'}]",https://arca.live/b/counterside/32180855,2021-08-17 21:11:10,73,0
32179884,"ㅇㅇ, 49.143",치나츠 버그 있는데 사람들이 모르는거 같아 글쓴다,"건틀렛, 모의작전 등 치나츠 힐이 함선에도 적용되어 함선체력 회복된다일단 버그신고는 했는데 빨리 고쳐지면 좋겠네건틀에서 함선 피차는거 당하면 기분 나쁘니 조심하자","[{'user': '토깡이', 'comment': 'ㅋㅋㅋㅋ'}, {'user': '페로로로쉥', 'comment': '치나츠 키우러간다'}]",https://arca.live/b/counterside/32179884,2021-08-17 20:55:39,112,9
32178867,소닉,미니 타임스탑버그 pve에서도 일어나네,pve는 주로 오토만 돌리니까 조건 맞을일이 잘 없어서 못 본거였네 ㅋㅋㅋㅋㅋㅋㅋㅋㅋ 출격중에 쳐맞으니까 혼자 타임스탑중에 특수기 쓰고있음,,https://arca.live/b/counterside/32178867,2021-08-17 20:40:03,46,0
32176549,AllesKlar,모바일은 버그 수정 다 됐음?,pc 클라는 아직도 관리부 기능 사용하면 화면 까매지고 먹통되네 ㅋㅋ,"[{'user': '제주삼다수군통제사', 'comment': '아직 처리완료 안올라옴'}]",https://arca.live/b/counterside/32176549,2021-08-17 20:05:25,74,0
32176190,불쾌한물티슈#46600602,다들 리콜 다시 받았냐,이거 걍 버그만 고치고 나중에 복구해준다임?,"[{'user': '룽고', 'comment': 'ㅇㅇ'}]",https://arca.live/b/counterside/32176190,2021-08-17 19:59:52,92,0
32174977,치마#70542576,리그전 무한로딩 화면멈춤버그,나만걸리나ㅡㅡ 이거 왜안고치는거야,,https://arca.live/b/counterside/32174977,2021-08-17 19:42:27,40,0
32174350,Dasasa,이거 버그임?,타임 오버 뜨는데 겜은 계속 진행됨,[],https://arca.live/b/counterside/32174350,2021-08-17 19:33:36,75,0
32172556,세예,에이미 리콜 버그 걸렸는데,패치 후에도 그대론데? 에이미도 사라지고 교환하려고한 각성캐도 없어...,"[{'user': '페로로로쉥', 'comment': '그거 고정글에 올라와있던데 그거 아냐?'}, {'user': '세예', 'comment': '내가 핑프라 못봤는데 무슨 고정글?'}, {'user': '우리이링#38703005', 'comment': '버그만 수정하고 복구는 나중에인듯'}, {'user': '세예', 'comment': 'ㄳㄳ'}]",https://arca.live/b/counterside/32172556,2021-08-17 19:08:51,156,0
32172512,노트나,에이미 리콜 버그 수정됐다는데,버그터져 사라진 내 에이미는 언제 돌려주냐패치떠서 허겁지겁 재접했는데 안돌아왔네,"[{'user': '룽고', 'comment': '대충 조정석이 손가락 가르키는콘'}]",https://arca.live/b/counterside/32172512,2021-08-17 19:08:20,86,0
32170229,체르릉,PC 클라 왜이래,또 버그임? ㅋㅋㅋ,"[{'user': '직화파인애플', 'comment': '지금 썃다 내리지않았냐?'}, {'user': 'ㅇㅇ, 61.72', 'comment': '점검중'}]",https://arca.live/b/counterside/32170229,2021-08-17 18:36:07,120,0
32169883,에시온,버그를 어떻게 저렇게 빨리 고쳤지??,난 그렇게 안되던데?????,,https://arca.live/b/counterside/32169883,2021-08-17 18:31:12,77,0
32169309,Edge#74084078,아니 로조 이 씨발새끼 뭐 더 좆같게 패치했음?,각힐 공익 스피라 이유미 레지나 다 뚫고 딜러 바로 앞에 또 쳐붙어서 다 대가리 줄줄이 쪼개는데 뭐 버그 생긴거 아님?전열이고 디펜더 라인이고 다 지켜놔도 갑자기 함선 앞에 쳐붙어서 게임 계속 박살내네 개씨발좆씹새끼하루에도 몇번씩 쳐뜨는데 존나 스트레스 받게하네,[],https://arca.live/b/counterside/32169309,2021-08-17 18:23:15,143,0
32168493,Ice,이건 버그라고 해야되나,이 상태에서 험비 연협으로 레벨 올리면레벨이 올라가도 바로 순서에 반영이 안되고 그대로 남아있음그거랑 비슷하게 방금 나유빈 110찍었는데 77렙으로 뜸누르면 정상적으로 뜨는데옆으로 드래그해서 다른 캐릭터 봤다가 돌아오면 다시 레벨 내려가있음,"[{'user': 'xile#17342824', 'comment': '버그인듯'}]",https://arca.live/b/counterside/32168493,2021-08-17 18:11:14,56,0
32168415,머때매안뎀,오르카 미친년인가,존나 뛰어다니네 ㅋㅋ저새끼 안쉬고 계속 뛰는데 버그같은거임?,"[{'user': 'ㅈㅇㅈㅎ#19865107', 'comment': '분탕이랑 나이엘처럼 분충은 뛰게해놨나봄'}, {'user': 'ㅇㅇ, 61.72', 'comment': '애들 성격따라 뛰는 애들 있음. 반대로 아예 안움직이는 애도 있더라'}]",https://arca.live/b/counterside/32168415,2021-08-17 18:10:17,107,0
32168129,에시온,뉴비땐 카사 버그내는거 화났는데,이젠 이해해매우 이해해치명적인 버그라도 검수 잘했으면 좋겠어,,https://arca.live/b/counterside/32168129,2021-08-17 18:06:06,51,0
32167894,극한의가능충,에이미 리콜 버그 언제 고친데냐,,,https://arca.live/b/counterside/32167894,2021-08-17 18:02:56,62,0
32167772,회오리감자#35798003,이것도 버그임?,마지막 남은거 열려고 하니 저거 뜨는데,"[{'user': 'xile#17342824', 'comment': '공지 아까 뜸'}, {'user': 'xile#17342824', 'comment': '공지 아까 뜸'}]",https://arca.live/b/counterside/32167772,2021-08-17 18:01:14,90,0
32167227,ㅇㅇ#88283775,남들은 다 사고싶은 스킨사고 비틱하는데 왜 나만,20만원 삭제버그걸림?,[],https://arca.live/b/counterside/32167227,2021-08-17 17:53:01,118,2
32165610,제주삼다수군통제사,수많은 버그들을 해결할 묘책,그건바로 카운터 사이드 3.0...게임을 없에면 버그도 없어지지 않을까?,[],https://arca.live/b/counterside/32165610,2021-08-17 17:31:11,52,1
32165434,도라에몽#87462610,버그들 빠르게 캐치되고 수정 들어가네 ,왜 진짜 일함?,,https://arca.live/b/counterside/32165434,2021-08-17 17:28:44,46,0
32163520,00000#82591124,이번이 버그 역대급인듯,답도 없는듯 ㅋㅋ,"[{'user': 'ㅇㅇ#76942557', 'comment': '근데 게임에 뭐 문제는 없지 않음? 자잘한거만 ㅈㄴ 많더라'}, {'user': '암왕제군', 'comment': '버그 머 잇어?'}]",https://arca.live/b/counterside/32163520,2021-08-17 17:01:33,117,-3
32162671,시금치를싫어하는시그마,빨리 나 칭찬 ㄱ,버그 하나 발견함연봉협상시 크레딧이 0이 되는 버그물론 돈은 실제로 뜯어감야!!!!!,[],https://arca.live/b/counterside/32162671,2021-08-17 16:48:21,89,4
32162464,레이브,시윤이 바뀐 일러 칼 손잡이 없어졌노,나름 포인트였는데아님 걍 버그인가,"[{'user': 'Pastoral', 'comment': '버그같은데'}, {'user': '레이브', 'comment': '버그가 왤케 많아 씨발'}, {'user': '주시윤', 'comment': '버그라고 말했고 검 길이 자체도 짧음'}, {'user': '레이브', 'comment': '그랫구나'}]",https://arca.live/b/counterside/32162464,2021-08-17 16:45:04,127,0
32161888,제주삼다수군통제사,[확인중] 리콜 시 사원 선택 창에서 각성 유닛의 배경 이펙트가 노출되지 않는 현상,장애 현황을 신속하게 확인하고 최대한 빨리 수정하기 위해 노력하고 있습니다.게임 이용에 불편을 끼쳐드려 죄송합니다.▣ 확인된 문제리콜 시 사원 선택 창에서 각성 유닛의 배경 이펙트가 노출되지 않는 현상고객센터로 장애와 버그를 제보해주시면 문제 여부를 확인 후 원인을 파악하여 수정 작업에 들어갑니다. 수정이 완료되면 내부에서 테스트를 진행하고 예정되어 있는 데이터 패치나 앱 업데이트에 수정 내역이 포함되어최종 문제가 수정되고 있습니다.게임 이용 중 문제가 발생할 경우 [고객센터 이용 가이드]를 참고하여 제보 및 문의를 보내주세요.더 나은 서비스 제공을 위해 끊임없이 노력하겠습니다.,[],https://arca.live/b/counterside/32161888,2021-08-17 16:35:49,133,4
32161191,레이브,이볼브원 좆버그 문의했다 시발,궁 뽕 때문에 쓰는 놈인데 뽕맛의 95%인 보이스가 안 나오노 시밯,"[{'user': 'Ninomiya', 'comment': '으허허허허허허허허'}]",https://arca.live/b/counterside/32161191,2021-08-17 16:25:12,90,0
32161172,챈접음#17428029,아니 나만이렇냐고??,화면이 클릭도안되고 무슨 이터가9999999되어있냐고 무슨버그야카붕이들아 게임이 안된다고!!!!!나만이래??,[],https://arca.live/b/counterside/32161172,2021-08-17 16:24:57,116,1
32161055,챈접음#17428029,나 카사에서 강퇴당했나봐,업뎃하고 들어갔는데 화면이 여기서 멈추고 안움직여무슨 버그야??,,https://arca.live/b/counterside/32161055,2021-08-17T07:22:59.000Z,29,0
32161019,Rriner,버그 발견한거같다,얘네가 안사라지고융합핵이 18개에서 9개가 됨;;,"[{'user': '나유빈', 'comment': 'ㅎㅈㅋㅋ'}]",https://arca.live/b/counterside/32161019,2021-08-17 16:22:25,124,6
32160629,Mermain,플레이스토어에서 업데이트가 안 뜨는데,이건 뭔 버그임?해결 방법 아시는 분?,"[{'user': 'ㅇㅇ#80242536', 'comment': '자동업데이트 설정 문제같은데'}, {'user': '나유빈', 'comment': '검색해서 들어가봐'}, {'user': 'Mermain', 'comment': '오 됐다 ㄱㅅㄱㅅ'}, {'user': '로아노크', 'comment': '겜들어가지말고 플스로들어가면잘댄다;'}, {'user': 'ㅇㅇ#80242536', 'comment': '니 폰이 매일 자동업데이트 체크한 시간 이후에 게임이 업뎃해서 그런거 같음'}, {'user': '스윈', 'comment': '검색하고 들어가봐 자동완성하는거 말고 직접 쳐서'}]",https://arca.live/b/counterside/32160629,2021-08-17 16:16:46,97,0
32160548,레이브,야 이볼브원 버그냐 이거?,보급 도는데 보이스 안 돌리길래 겹쳐서 씹히나 하다가 너무 안 들려서 혹시했는데 아예 출력이 안 되는데 뭐냐,"[{'user': 'xile#17342824', 'comment': '버그인듯'}]",https://arca.live/b/counterside/32160548,2021-08-17 16:15:37,87,0
32160426,젓망겜#36102415,아니 이거 왜이레?,패치하고 겜이 잔버그 엄청 많아짐 ㅡㅡ 그리고 왜 나유빈 에이미 힐데만 각성 이팩트있음? 다른애들은 전부 일반되었음 ㅋㅋ,"[{'user': '역시난', 'comment': '재무장 각성 ㄷㄷ'}, {'user': 'ㅎㅇㅌ#25746730', 'comment': '저거 왜 저럼?'}, {'user': '나부코', 'comment': 'ㅋㅋㅋㅋㅋㅋㅋ'}, {'user': '로테#43499356', 'comment': '왜 전부 1럽임?'}, {'user': '젓망겜#36102415', 'comment': '리콜'}, {'user': '로테#43499356', 'comment': '리콜 선택창이구나 머쓱'}]",https://arca.live/b/counterside/32160426,2021-08-17 16:13:56,151,1
32159778,간결한닉네임,론리 빙고에 버그있네,두번 돌리면 튕기는듯,,https://arca.live/b/counterside/32159778,2021-08-17 16:04:03,79,0
32159022,스트로베리샤베트,각성 올복각이라던데 왜 복각 안함?,아 그리고 기채권 사라지고 R등급 사원이 늘어나있는 버그 있더라역시 대규모 업데이트라 그런지 이상한 버그가 다 생기는구만 하하,[],https://arca.live/b/counterside/32159022,2021-08-17 15:51:08,169,1
32158787,풋잡,이거머밍? 버그임?,이왜공??,"[{'user': '뚜빵이', 'comment': '처음 한번만 그러는거 같더라고'}]",https://arca.live/b/counterside/32158787,2021-08-17 15:46:30,110,0
32158699,Dasasa,협력사 명함 버그 있는거 아님?,왜 받아도 시발 안늘어나는거냐?,"[{'user': '프레하', 'comment': '재접하면 늘어나더라'}]",https://arca.live/b/counterside/32158699,2021-08-17 15:44:50,101,0
32158370,하랍픽업좀,뭐냐 버그냐? 카챈에 카사얘기 밖에 없다!,오래도 버텼다...장하다 카운터사이드!!!,[],https://arca.live/b/counterside/32158370,2021-08-17 15:39:18,77,-1
32157769,란펜,이것도 버그냐??,     -     ㅁ    x잘 안보이겠지만 컴 카사 키니까 저렇게만 뜸로그인 화면 노래는 들림,"[{'user': 'Blsa', 'comment': '카사 껏다 켜봐'}, {'user': '란펜', 'comment': '아예 컴까지 껏다 켜보고 있지 당연히'}, {'user': '란펜', 'comment': '오류 수정 국룰 대처 해도 똑같이 저럼'}, {'user': 'Blsa', 'comment': '그러면 일단 건의 넣어보긴 해봐 그쪽에서 파악하고 알려주겠지'}]",https://arca.live/b/counterside/32157769,2021-08-17 15:29:30,79,0
32157724,각성김철수,실시간으로 피드백해주는거 너무 좋다,업뎃분량 보면 버그가 많을거 같긴 했는데얘기 나오자마자 인지하고있고 수정 중이라는 공지 실시간으로 해주니까 든든하네,"[{'user': '촤드', 'comment': 'ㄹㅇ'}]",https://arca.live/b/counterside/32157724,2021-08-17 15:28:51,59,0
32157721,프라임#80253576,근데 버그많은거 이해는되지않음?,이것저것 건드린거 ㅈㄴ많아보이는데,"[{'user': 'diqkf운터', 'comment': '사실 버그가 안터지면 스비한테 책임 물어야지 대체 코딩을 얼마나 날로 먹어야...'}, {'user': 'Ozymandias', 'comment': '아 100% 완벽하게 코딩했다고 ㄹㅇㅋㅋ'}]",https://arca.live/b/counterside/32157721,2021-08-17T06:28:48.000Z,44,0
32157658,금지어다#10348045,버그는 예상했던 대로야,원래 이런 대규모 날에는 항상 소음이 따르지근데 일처리는 해주고 인지했다는 말이라도 해주니믿고 기다릴수 있는거우선 리콜오류로 못받은 게이들 잘 처리되었으면 좋겠다,,https://arca.live/b/counterside/32157658,2021-08-17 15:27:50,73,0
32157539,밥은먹고다니냐,그래도 잔버그만 몇개 터지네,좀 많긴한데 심각한건 없어서 다행이다,,https://arca.live/b/counterside/32157539,2021-08-17 15:25:59,35,0
32157536,ㅇㅇ#36099854,1.5주년 업데이트 후 자주 나오는 질문,"1. 신임 우대 채용 머임? 왜 강제로 돌림?- 공짜 1천 쿼츠 주고 ▶ 10회/1000쿼츠 채용하는 튜토리얼임- 굳이 돌리기 싫으면 강종해서 쿼츠 냠냠 가능2. 연협, 초월, 스작 어디갔슴???- 모든 성장 기능 관리부로 통합- 관리부에서 캐릭 누르면 바로 진행 가능- 아무 캐릭 누르고 > 대상 변경하면 > 기존처럼 자동 필터도 걸림3. 강화, 튜닝 어디갔슴???- 위랑 동일, 창고에서 바로 진행4. 기숙사 명함 어떻게 뿌림?- 기숙사 > 아무 방 입장 > 우측 하단 교류 > 일괄 전달 (협력사 대상)- 랜덤/직접 방문으로 5번 추가 전달 가능- 하루 50회 수령 가능 (= 협력사 명함 500개)- 협력사 명함으로 파견 채용 하면 댐5. 기타 챙길거- 상점 > 시즌 > 이벤트 > 힐데 푸밍 구매 (한정 트로피)- 1.5주년 미션 : 기숙사 애사심, 명함 뿌리기 있으니까 미리미리 하셈- 사전 등록 보상은 순차 문자 발송 중 (1,500쿼츠)6. 확인된 버그- 수시채용 1회 어디감? : 수정 예정- 마지막 기숙사 안 열림 : 수정 예정- 에이미 리콜하니까 증발했는데? : 관리부 자리 없으면 발생","[{'user': '숲토끼', 'comment': '정리 지렸다 이기'}]",https://arca.live/b/counterside/32157536,2021-08-17 15:25:56,303,10
32157194,코미양,지금 나만 한계초월안댐??,융합재료 3명 있는데 저거 추가하기 누르면 아무것도 안뜨고 클릭소리만 나는데 버그인가,,https://arca.live/b/counterside/32157194,2021-08-17 15:20:15,63,0
32157149,ㅇㅇ#74194811,지금 뭐 리그전 버그라도 있음?,3번 연속으로 50랩대 애들이랑 매칭되자마자 바로 상대 닷지하고 끝나네,,https://arca.live/b/counterside/32157149,2021-08-17 15:19:32,30,0
32156954,제주삼다수군통제사,[확인중] 협력사의 명함 일괄 수령 후 상단 재화 상태바에 즉시 반영되지 않는 현상,"장애 현황을 신속하게 확인하고 최대한 빨리 수정하기 위해 노력하고 있습니다.게임 이용에 불편을 끼쳐드려 죄송합니다.▣ 확인된 문제협력사의 명함 일괄 수령 후 수령한 명함의 숫자가 상단 재화 상태바에 즉시 반영되지 않는 현상- 실제 정상 지급되며, 앱 재실행 후 갱신되어 표기 반영됩니다. 고객센터로 장애와 버그를 제보해주시면 문제 여부를 확인 후 원인을 파악하여 수정 작업에 들어갑니다. 수정이 완료되면 내부에서 테스트를 진행하고 예정되어 있는 데이터 패치나 앱 업데이트에 수정 내역이 포함되어최종 문제가 수정되고 있습니다.게임 이용 중 문제가 발생할 경우 [고객센터 이용 가이드]를 참고하여 제보 및 문의를 보내주세요.더 나은 서비스 제공을 위해 끊임없이 노력하겠습니다.","[{'user': '보노본호', 'comment': 'Wa!'}]",https://arca.live/b/counterside/32156954,2021-08-17 15:16:19,108,4
32156938,제주삼다수군통제사,[확인중] 수시 채용의 일일 무료 채용이 누락된 현상,장애 현황을 신속하게 확인하고 최대한 빨리 수정하기 위해 노력하고 있습니다.게임 이용에 불편을 끼쳐드려 죄송합니다.▣ 확인된 문제수시 채용의 일일 무료 채용이 누락된 현상고객센터로 장애와 버그를 제보해주시면 문제 여부를 확인 후 원인을 파악하여 수정 작업에 들어갑니다. 수정이 완료되면 내부에서 테스트를 진행하고 예정되어 있는 데이터 패치나 앱 업데이트에 수정 내역이 포함되어최종 문제가 수정되고 있습니다.게임 이용 중 문제가 발생할 경우 [고객센터 이용 가이드]를 참고하여 제보 및 문의를 보내주세요.더 나은 서비스 제공을 위해 끊임없이 노력하겠습니다.,[],https://arca.live/b/counterside/32156938,2021-08-17 15:15:59,148,8
32156913,제주삼다수군통제사,2021/08/17-현재 업뎃후 발생중인 버그+쿠폰지연+채용 쿼츠 정리 (17:10수정),"-[확인중]사원 한도 초과 상태에서 에이미리콜 진행 시 사원과 재화를 돌려받지 못하는 현상https://arca.live/b/counterside/32156736?category=%EA%B3%B5%EC%A7%80&p=1- [확인중] 기숙사 B-2 가 언락되지 않는 현상https://arca.live/b/counterside/32156652?category=%EA%B3%B5%EC%A7%80&p=1-[확인중] 연봉 협상 할인 버프 시 사장실에 이벤트 태그가 붙는 현상 https://arca.live/b/counterside/32152643?category=%EA%B3%B5%EC%A7%80&p=1-[확인중] EP. 2 클리어 전에 월드맵 지부 이벤트 다이브 출현 시 진행 불가한 현상 https://arca.live/b/counterside/32152600?category=%EA%B3%B5%EC%A7%80&p=1-[확인중] 사옥 아이템의 최대 보관 가능 수량 이상 구매 시 별도의 안내 없이 자동 환불되는 현상 https://arca.live/b/counterside/32152693?category=%EA%B3%B5%EC%A7%80&p=1-[확인중] 수시 채용의 일일 무료 채용이 누락된 현상 15:17 추가https://arca.live/b/counterside/32156938?showComments=all¬iId=80984138#c_128124231-[확인중] 협력사의 명함 일괄 수령 후 상단 재화 상태바에 즉시 반영되지 않는 현상 15:17 추가https://arca.live/b/counterside/32156954-[확인중] 리콜 시 사원 선택 창에서 각성 유닛의 배경 이펙트가 노출되지 않는 현상 16:40추가https://arca.live/b/counterside/32161888?p=1-김하나 알림톡 17:10 수정 예정일 추가 https://arca.live/b/counterside/32164069?showComments=all¬iId=81019040#c_128160245너무많아서 보기 편하라고 정리함해결된거 뜨면 하나씩 내려갈 예정그 외 버그 아닌거:- [신임 사장님 우대 채용] 튜토리얼 진행 시 임의로 1,000쿼츠 지급 후 진행됩니다.(강종하면 공짜 쿼츠라는 제보)https://arca.live/b/counterside/32153479?p=1- 쿠폰은 현재 발송중./16:05조회 방법 추가 발송완료https://arca.live/b/counterside/32159827?p=1","[{'user': '님얼굴비매너', 'comment': '많다ㅋㅋㅋㅋ'}, {'user': '학점대폭발', 'comment': '이걸 공지로 설정하고 나머지는 내리는게 보기 좋을듯?'}, {'user': '제주삼다수군통제사', 'comment': '그럴라고'}]",https://arca.live/b/counterside/32156913,2021-08-17 15:15:35,2308,27
32156736,제주삼다수군통제사,[확인중]사원 한도 초과 상태에서 에이미리콜 진행 시 사원과 재화를 돌려받지 못하는 현상,장애 현황을 신속하게 확인하고 최대한 빨리 수정하기 위해 노력하고 있습니다.게임 이용에 불편을 끼쳐드려 죄송합니다.▣ 확인된 문제사원 한도 초과 상태에서 [에이미 퍼스트윙]의 리콜 진행 시 변경한 사원과 재화를 돌려받지 못하는 현상고객센터로 장애와 버그를 제보해주시면 문제 여부를 확인 후 원인을 파악하여 수정 작업에 들어갑니다. 수정이 완료되면 내부에서 테스트를 진행하고 예정되어 있는 데이터 패치나 앱 업데이트에 수정 내역이 포함되어최종 문제가 수정되고 있습니다.게임 이용 중 문제가 발생할 경우 [고객센터 이용 가이드]를 참고하여 제보 및 문의를 보내주세요.더 나은 서비스 제공을 위해 끊임없이 노력하겠습니다.,"[{'user': 'ㅇㅇ, 122.47', 'comment': 'ㅋㅋㅋㅋㅋㅋㅋㅋㅋㅋㅋㅋㅋ'}]",https://arca.live/b/counterside/32156736,2021-08-17 15:12:35,238,9
32156652,제주삼다수군통제사,[확인중] 기숙사 B-2 가 언락되지 않는 현상,장애 현황을 신속하게 확인하고 최대한 빨리 수정하기 위해 노력하고 있습니다.게임 이용에 불편을 끼쳐드려 죄송합니다.▣ 확인된 문제기숙사 B-2 가 언락되지 않는 현상고객센터로 장애와 버그를 제보해주시면 문제 여부를 확인 후 원인을 파악하여 수정 작업에 들어갑니다. 수정이 완료되면 내부에서 테스트를 진행하고 예정되어 있는 데이터 패치나 앱 업데이트에 수정 내역이 포함되어최종 문제가 수정되고 있습니다.게임 이용 중 문제가 발생할 경우 [고객센터 이용 가이드]를 참고하여 제보 및 문의를 보내주세요.더 나은 서비스 제공을 위해 끊임없이 노력하겠습니다.,[],https://arca.live/b/counterside/32156652,2021-08-17 15:11:22,157,4
32156473,내셔널아나키즘,아 시팔 버그걸렸어!,빠져나올수가 없어!,,https://arca.live/b/counterside/32156473,2021-08-17 15:08:23,43,0
32155888,ㅇㅇ#25706588,리콜 눌렀는데 내 에이미 왜 증발?,버그임?,"[{'user': 'ㅇㅇ, 125.185', 'comment': '버그임 공지 ㄱㄱ'}]",https://arca.live/b/counterside/32155888,2021-08-17 14:59:15,73,0
32155778,xile#17342824,야 알림톡 추가됐다,수시채용 무뽑 안뜨는거 버그래 ㅇㅇ,,https://arca.live/b/counterside/32155778,2021-08-17 14:57:26,40,0
32155672,열상,?나 연협 버그걸렸는데?,열정페이하려하네 관남충 수준,"[{'user': '로테#43499356', 'comment': '돈빠져나가더라'}]",https://arca.live/b/counterside/32155672,2021-08-17T05:55:57.000Z,60,0
32155359,Nanoha,아이템 수령창에서 안넘어가는 버그 있음 주의,여기서 별짓 다해도 반응없음,"[{'user': 'ㅇ반고닉ㅇ', 'comment': '나도 그래서 껏다켰음'}]",https://arca.live/b/counterside/32155359,2021-08-17T05:50:41.000Z,33,0
32154793,뚜빵이,누르면 사원창 떠야하는 몇몇 버튼이 작동하지 않는 것 같은데,PC판이고에이미 리콜할 때 뭐로 리콜할지 고르는 창이랑초월할때 재료사원 고르는 창이 무반응이네버그 치고는 깜찍한 수준이긴한데,,https://arca.live/b/counterside/32154793,2021-08-17T05:42:01.000Z,21,0
32154610,제주삼다수군통제사,수시 1뽑 사라진거 버그같대 ,https://arca.live/b/counterside/32154105방금 공지수정뜸,"[{'user': '프룸', 'comment': '그라체'}, {'user': '서묘', 'comment': '오 일잘하노'}, {'user': '하랍픽업좀', 'comment': '맞네 오늘 무료채용 못햇능데'}]",https://arca.live/b/counterside/32154610,2021-08-17 14:39:05,82,7
32154269,독타입#85717070,컴클라 버그 이거 어떡하냐,웃겨서 글썼었는데클라 껐다켜도 안들어가지니 웃음기 싹사라지노,"[{'user': '돼지#79685408', 'comment': 'ㅋㅋㅋㅋㅋㅋㅋ'}, {'user': 'ㅇㅇ#79729761', 'comment': '지우고 다시 깔아봐'}, {'user': '독타입#85717070', 'comment': '해결됨 굿'}]",https://arca.live/b/counterside/32154269,2021-08-17T05:33:46.000Z,48,0
32153765,씹덕새끼,지금 연봉협상 1회한정 0원인거같음,방금 미니스트라 리콜하고 연봉협상했는데 0 0 0 뜨더라한번더하니까 돈들었음 버그인진 모르겠는데 난그랬음,"[{'user': '세인트케인', 'comment': '버그인듯?'}, {'user': 'ㅇㅇ#25961606', 'comment': '그거 버그인듯 돈은그대로빠져나감'}, {'user': '씹덕새끼', 'comment': '아이 싯발~'}]",https://arca.live/b/counterside/32153765,2021-08-17T05:26:08.000Z,105,0
32153686,분노,대형 업뎃하면 버그 무조건 생기네,1.5주년 쓰알 추천서 받았는데창고에 없길래 순간 썼나 생각했는데 아님 버그 ㅅㅂ 빨리 돌려줘 ,"[{'user': '고1닉', 'comment': '우편함에 없음?'}]",https://arca.live/b/counterside/32153686,2021-08-17T05:24:57.000Z,39,0
32153415,메테오,아니 진짜 개시발 먹튀버그뭔데 애미터진놈들아!!!!,이볼브원 먹으려다에러 걸렸는데에이미는사라졌는데이볼브원도 없음 ㅅㅂ종신계약서도 먹튀함 ,[],https://arca.live/b/counterside/32153415,2021-08-17T05:20:17.000Z,1461,39
32153068,나이엘,1뽑 왜 사라짐?,버그야?,,https://arca.live/b/counterside/32153068,2021-08-17T05:14:25.000Z,26,0
32152693,제주삼다수군통제사,사옥 아이템의 최대 보관 가능 수량 이상 구매 시 별도의 안내 없이 자동 환불되는 현상,장애 현황을 신속하게 확인하고 최대한 빨리 수정하기 위해 노력하고 있습니다.게임 이용에 불편을 끼쳐드려 죄송합니다.▣ 확인된 문제사옥 아이템의 최대 보관 가능 수량(999개) 이상 구매 시 별도의 안내 없이 자동 환불되는 현상- 최대 보관 가능 수량 (999개) 초과분은 구매 시 우편함을 통해 자동 환불됩니다.고객센터로 장애와 버그를 제보해주시면 문제 여부를 확인 후 원인을 파악하여 수정 작업에 들어갑니다. 수정이 완료되면 내부에서 테스트를 진행하고 예정되어 있는 데이터 패치나 앱 업데이트에 수정 내역이 포함되어최종 문제가 수정되고 있습니다.게임 이용 중 문제가 발생할 경우 [고객센터 이용 가이드]를 참고하여 제보 및 문의를 보내주세요.더 나은 서비스 제공을 위해 끊임없이 노력하겠습니다.,"[{'user': '사관사냥', 'comment': '버그가 쏟아지네'}]",https://arca.live/b/counterside/32152693,2021-08-17T05:08:19.000Z,116,1
32152643,제주삼다수군통제사,[확인중] 연봉 협상 할인 버프 시 사장실에 이벤트 태그가 붙는 현상,장애 현황을 신속하게 확인하고 최대한 빨리 수정하기 위해 노력하고 있습니다.게임 이용에 불편을 끼쳐드려 죄송합니다.▣ 확인된 문제연봉 협상 할인 버프 시 사장실에 이벤트 태그가 붙는 현상- [본사>사장실]에는 연봉 협상이 없지만 이벤트 태그가 잘못 표시되고 있습니다.연봉 협상은 [관리부]에서 진행이 가능합니다. 고객센터로 장애와 버그를 제보해주시면 문제 여부를 확인 후 원인을 파악하여 수정 작업에 들어갑니다. 수정이 완료되면 내부에서 테스트를 진행하고 예정되어 있는 데이터 패치나 앱 업데이트에 수정 내역이 포함되어최종 문제가 수정되고 있습니다.게임 이용 중 문제가 발생할 경우 [고객센터 이용 가이드]를 참고하여 제보 및 문의를 보내주세요.더 나은 서비스 제공을 위해 끊임없이 노력하겠습니다.,,https://arca.live/b/counterside/32152643,2021-08-17T05:07:41.000Z,81,0
32152600,제주삼다수군통제사,[확인중] EP. 2 클리어 전에 월드맵 지부 이벤트 다이브 출현 시 진행 불가한 현상,장애 현황을 신속하게 확인하고 최대한 빨리 수정하기 위해 노력하고 있습니다.게임 이용에 불편을 끼쳐드려 죄송합니다.▣ 확인된 문제EP. 2 클리어 전에 월드맵 지부 이벤트 다이브 출현 시 진행 불가한 현상- EP.2 전체 클리어 후 다이브 오픈 시 정상적으로 진행이 가능합니다.고객센터로 장애와 버그를 제보해주시면 문제 여부를 확인 후 원인을 파악하여 수정 작업에 들어갑니다. 수정이 완료되면 내부에서 테스트를 진행하고 예정되어 있는 데이터 패치나 앱 업데이트에 수정 내역이 포함되어최종 문제가 수정되고 있습니다.게임 이용 중 문제가 발생할 경우 [고객센터 이용 가이드]를 참고하여 제보 및 문의를 보내주세요.더 나은 서비스 제공을 위해 끊임없이 노력하겠습니다.,"[{'user': '에시온', 'comment': '아 ㅋㅋ 패치하자ㅏ자 오류 1'}]",https://arca.live/b/counterside/32152600,2021-08-17T05:06:55.000Z,112,2
32152434,씹덕새끼,버그,그 김하나미션 일괄수령누르니 이렇게뜨고 안나가짐 그래서강종함,,https://arca.live/b/counterside/32152434,2021-08-17T05:04:24.000Z,40,0
32144814,보르챠,나만 다운로드 100퍼에서 안 끝남?,버그냐?,"[{'user': '판타지카', 'comment': '난 재접하니까 추가 다운로드 한 번하더니 끝남'}, {'user': '보르챠', 'comment': '오 ㄱㅅㄱㅅ'}]",https://arca.live/b/counterside/32144814,2021-08-17T02:42:45.000Z,36,0
32135461,ㅣlㅣlㅣlㅣ,전략전 토미 버그있는거같음,토미 1빠따로 내면 상대 적이랑 조우하려할때 레인저새끼 혼자 가운데로 텔포되는거 뭐노?귀하의 브라우저는 html5 video를 지원하지 않습니다.,[],https://arca.live/b/counterside/32135461,2021-08-16T21:07:50.000Z,110,1
32134098,혁명#79825189,아악 븅신겜 진짜,"유닛,함선스킬 로테이션 버그 언제고칠꺼냐고저 한자리가 하필 하나넣은 서폿이라박정자 스킬을 못쓰잖아악",[],https://arca.live/b/counterside/32134098,2021-08-16T18:50:19.000Z,67,0
32133770,꿀때지,카사 역대습 버그 ,이거 흑백으로 나와서 와 분위기 쩐다 해ㅛ는데 알고보니 버그엿음대답해봐 주도닝.... 왤케 잘그리는지..,"[{'user': '촤드', 'comment': '버그 고치니 더 쩌네 ㅋㅋ'}, {'user': '에시온', 'comment': 'ㄹㅇ 옛날 그림 동화 같았음'}]",https://arca.live/b/counterside/32133770,2021-08-16T18:30:36.000Z,71,1
32117414,참피대장,블루브릿지 쓸때마다 열받네,딜표 안닫히는 버그 이거 시발 대체 언제 고쳐주는거냐??건시발 이어서 할수가없내,,https://arca.live/b/counterside/32117414,2021-08-16T13:15:29.000Z,55,0
32115097,MBT,론리 얘도 나이엘처럼 버그 있는듯,도망치는 중간에 사라지는 이펙트 적용되네빨리 고쳐주셈,"[{'user': 'ㅇㅇ#87218383', 'comment': 'ㅋㅋㅋㅋㅋ 배트맨 그거 같네'}]",https://arca.live/b/counterside/32115097,2021-08-16T12:41:11.000Z,59,2
32112697,요나기여신님,아 함선 1스 안나가는 버그좀 고치지 개같네 씨발,아 존나 아이콘사라지는거 존나 선넘네,,https://arca.live/b/counterside/32112697,2021-08-16T12:04:26.000Z,55,0
32110275,도스분충우지챠,그때 그 시절) 포드 리콜 썰,"카사가 초창기 정신 나가버릴거 같은 갈지자 운영을 보여주던 시기에 있던 일임글레입니르 포드타입은 지금은 그저그런 함선으로 묻혔지만초기에 액티브 스킬이 에미디지게 쎗?던 함선이었음스킬 키면 카운터고 솔져고 메카닉이고 모조리 불고기 구워버리던 시절이었는데이게 버그때문에 센거라고 버그조정(성능적으론 하향)을 하겠다는 것임이것 말고도 스비가 인심을 많이 잃었고 카사가 좀 기틀을 못다지고 휘청이던 시기라당연히 존나 불탔는데 주요 발화점은 1.버그수정을 가장한 너프 아니냐? 2.그래서 보상은? 이었음1번이야 확증없이 갑론을박 의심단계였는데 보상안이 다시 불을 키웠는데포드로 건에서 불고기 굽고 다니던 포드 주인들한테'만' 보상을 해준다는 것임물론 포드 버그조정으로 손해를 보는건 이론적으로는 포드주인들이 맞긴한데,그간 건틀렛에서 불고기가 되어가던 비 포드 유저들은 심정적으로 억울하게 된 것임야 우리가 버그때문에 개쳐맞던 애들인데 왜 버그로 개쳐패던 애들만 보상주냐?이래서 보상안 나오고 2차로 불탔던게 포드리콜 사태임나도 카사 초반엔 운영 갈지자에 금태식 세계관 적응 못해서 접었다가 아카와서 각등이 젖가슴 광고보고 다시 시작한 사람이라 침식체가 반박시 침식체 말이 맞음","[{'user': '이거갓겜이냐', 'comment': '압류 ㅋㅋ'}, {'user': 'b0ss', 'comment': '포드 스킬 쓰는 순간 같이 에이함 스킬 쓰면 피통 지랄나는거 보기 좋았는데ㅋㅋ'}]",https://arca.live/b/counterside/32110275,2021-08-16T11:28:12.000Z,76,9
32104374,킴카사디언최후의절정분수쇼,17일 패치노트 개 주관적인 소감,"맘에 드는거1. 협력사 명함 용도/수급방식 변경소소하게 줘도 안썻던 재화를 쓰게 만드는 패치다만 고인물들한텐 그냥 안쓰던 재화 쓰는 용도 뿐이고 크게 유의미한 변화는 없을듯정보 부족하면 바까먹긴 좋은 정도?2. 컨텐츠 오픈 타이밍 개선에피 1의 모든 전투가 칸칸이 가는 템포 느린 전역에서 단일 전투로 바뀌다보니 템포가 상당히 빨라질 것그래서 컨텐츠 오픈 타이밍을 살짝 미룬거라 생각이것만 보면 잘했다고 봄.3. 선별 채용 목록 변경-짱-이나 방벽싸개가 사라진게 좀 아쉽긴 한데 신규 대상으론 선택권 몇개 더 챙길 수 있다 하더라고이렇게 되면 치나츠나 치후유 갖고 가도 되고 스알은 늘 항상 갖고 가던대로 가면 될듯근데 궂이 뺏어야 했나? 이건 좀 애매함애매한 거1. 파견 채용대충 비주류 캐릭터 싺 몰아서 때려박았단 생각밖에 안듬노멀중에선 아직도 국밥 픽은 있다지만 드랍 자체가 확 죽어서 파밍대신 얻으라는 의도같다스알 등급중에서 초반부터 쓰이는게 있긴 한가? 잘 모르겠다2. 룸 시스템 가격 / 애사심룸 가격은 할놈만 해라 같은 느낌?차피 애사심 하나 보기에는 효율이 너무 좆박아서 단순히 룸 코디하면서 갖고 놀라는 의도 같은데룸 확장 만큼은 좀 싸게 해도 되지 않았을까 싶음보급형 가구를 얼마나 풀진 모르겠는데 일일이 다 사는것도 돈 꽤듬애사심 채워먹으려고 룸 산다 하면 개씹비추셈 효율이 좆박앗음저거 완충이 꼴랑 애사심 1참 애사심만 볼거면 차라리 연협이 나아보임맘에 안드는거1. 패키지마저 랜덤임쓰알 영입권이야 많은 목록중에서 뭐 나올지 모른다! 하지만각성권에서 마저 랜덤으로 팔아먹는건 좀 아니지 그리고 늘 생각하는데 이 새끼들 패키지 아직도 비쌈그나마 이번에 나온 스텝업이 그나마 나아 보이는데 2스텝까지만 사야겠다 생각밖에 안듬2. 가장 중요한걸 왜 제대로 설명 안하는가랜덤 사거리 감소나 다운시간 증가 같은건 어떤 캐릭터를 막론하고 공통적용 되는 중요한 패치임한마디로 모든 캐릭터에게 공통 적용되는 게임 공통 시스템을 건드렸다는 소리이기도 함말 많이 나오는 다운시간 증가같은 것도 다운 자체도 cc기중 하나이고 다운시간이 다른 스탯의 영향을 받는것 까지 생각하면당장 저 다운시간 증가 목록에 그럴만한 합당한 이유나 개발자 의견같은게 들어가 있었어야 함랜덤 사거리 감소같은것도 마찬가지임. 랜덤으로 사거리가 길어졌따 짧아졌다 하는 현상을 고쳤다고 하는데이게 다른 곳엔 어떨진 몰라도 pve 오토 공략에는 영향이 없을순 없을거다당장 사거리가 닿고 안닿고부터가 큰데 이걸 랜덤이었던게 버그니 바로 잡을게요~ 하면서 이러이러한 현상땜에 수정했다, 앞으로 좀더 직관성있게 될 것이다 같은 일련의 메시지가 있어야했음비슷한 예로 -메-에서 주요 수입원 가격 하향한다는 내역 문장 한줄로 퉁쳤다가 개씹 불났던 사례가 있다","[{'user': 'ㅇㅇ, 119.149', 'comment': 'ㄹㅇㅋㅋㅋ'}, {'user': '라이트닝카운터', 'comment': '짬처리채용 고인물들한테 의미는\n주간퀘 채용미션 깨기쉬워진거에 있는듯?'}, {'user': 'ㅇㅇ#51908701', 'comment': ""'- 파견 채용 진행 시 태스크 플래닛 포인트가 지급되지 않으며, 미션/업적 중 ‘채용 진행 미션’의 진행 횟수에 추가되지 않습니다.' 이거보면 그냥 파견채용은 버려진듯?""}, {'user': '라이트닝카운터', 'comment': '염병ㅋㅋ'}, {'user': 'xile#17342824', 'comment': '고인물용 패키지는 그냥 주화 50퍼패키지 정도인듯'}, {'user': '천의지현', 'comment': '파견채용에 나오는 애들은 다른 채용에서 안나오는 캐릭터임. 수시나 픽업에서 저 캐릭터들은 안나와서 필요한 사람만 뽑을듯?'}]",https://arca.live/b/counterside/32104374,2021-08-16T09:56:09.000Z,176,5
32103069,dwsss,내일 챈에 올라올 글 제목 미리보기,스킨 복각 풀매수간다 ㅋㅋㅋ  (스킨 7개 산거 인증) 추천48 비추 1 댓글 21님들 이거 버그있음 주화가 사라짐 (스킨 구매)추천수 52 비추0 댓글 32다운 상향 기념 건틀릿 간다 딱대 ㅋㅋㅋ추천2 비추0 댓글3야 씨발 이거 심각한거 같은데추천23 비추 3 댓글 17아니 이볼브원 뭔데 씨발 ㅣ거추천 37 비추 5 댓글 43다운 패치 후 건틀릿(영상)추천 45 비추 4 댓글 37아니 씨발 다운 패치 문제 없어보인다던 새끼들 어디감???추천 78 비추 24 댓글 68??? : 뭐 불만있냐?추천 45 비추 9 댓글 20이번 패치 좆같다고 생각하면 개추추천 67 비추 13 댓글 30아니 솔직히 누가봐도 문제였는데 좋다고 빨아제끼던 병신새끼들추천 49 비추 25 댓글 53자꾸 지랄하는 병신새끼 저격한다 추천 83 비추 12 댓글 70천안문하겠습니다추천 98 비추 7 댓글 65,[],https://arca.live/b/counterside/32103069,2021-08-16T09:35:47.000Z,61,5
32101863,MBT,이거 버그좀 어케 해봐,통계창 안사라지는거 몇번째노강종 하기싫어,[],https://arca.live/b/counterside/32101863,2021-08-16T09:17:04.000Z,69,0
32101325,메론빵#23632297,님들 내일열리자마자 아무거나 막다하셈 딱봐도 이정도패치면 버그생김 그럼 실수한거 사료줌,들어가자마자 분탕쳐야지 ,[],https://arca.live/b/counterside/32101325,2021-08-16T09:08:17.000Z,51,0
32099952,댕커#76837291,버그 좆같네,어떻게 고침 이미 챌린지 티켓 두장 공중분해됨,,https://arca.live/b/counterside/32099952,2021-08-16T08:49:18.000Z,40,0
32098036,주블,내일 념글 티켓 예상,크레딧 복사 버그심연의 채용 게임,,https://arca.live/b/counterside/32098036,2021-08-16T08:23:18.000Z,46,1
32097010,주블,념글 티켓 떴다 ㅋㅋㅋ,크레딧 복사 버그 ㅋㅋㅋㅋ ,[],https://arca.live/b/counterside/32097010,2021-08-16T08:09:34.000Z,36,1
32094019,dmqnbiod#49871034,엔터프라이즈 버그 있음?,함선 2스 가끔 시전자체가 안되는 경우가 있는데 뭐냐 이거 ㅡㅡ,"[{'user': '소나기나기', 'comment': '뉴오하 스봉맞은거아님?'}, {'user': 'dmqnbiod#49871034', 'comment': '뉴오하이오 아녔음 상대'}, {'user': '소나기나기', 'comment': '그럼 몰?루'}, {'user': 'dmqnbiod#49871034', 'comment': '몰루도 아님'}, {'user': '소나기나기', 'comment': '아니 블루브릿지가 아니라 모른다는 뜻이었어...'}, {'user': '시그마꼴리더라#96486884', 'comment': '스킬 안 써지는 버그 아님? 그거 1스 한번 써주고 다시 2스 쓰면 됨'}, {'user': 'dmqnbiod#49871034', 'comment': '개빡치네 ㅡㅡ'}]",https://arca.live/b/counterside/32094019,2021-08-16T07:16:36.000Z,50,0
32087868,비염싫어,통계창 왜 박살났냐,킹 새끼만 만나면 통계창 터짐 버그 같은데,"[{'user': '네모네모', 'comment': '너무 강력한 킹은 통계창까지 부셔버렸다'}, {'user': 'ㅈㅇㅈㅎ#19865107', 'comment': '딜량그래프가 화면 넘었네'}, {'user': '트조#30735364', 'comment': '앗 나도 이러던데'}, {'user': '비염싫어', 'comment': '한두번 이러는게 아닌거보면 버근듯'}, {'user': '응애나아기하루', 'comment': '보여주지 않아도 너무나 강한걸 누구나도 알기 때문에...'}, {'user': '돌계뉴비', 'comment': '그거 몰루킹은 소환 유닛이 너무 많아서 통계창 터짐'}, {'user': 'Ninomiya', 'comment': '나도 레이드가면 자주 저러던데 dpm눌렀다가 다시 누르면 보일때도 있음'}]",https://arca.live/b/counterside/32087868,2021-08-16T05:20:54.000Z,104,0
32064137,응애나추룡아가,각힐 은신에 계속 들이박는 버그는 고쳤나?,각힐 볼 일이 없어서 모르겠네,"[{'user': 'diqkf운터', 'comment': '몰라!'}, {'user': '비염싫어', 'comment': '궁쓸때마다 확률적으로 런하는것도 안고쳤는데 고졌겠노'}, {'user': '응애나추룡아가', 'comment': '그건 가끔 스캐빈저 돌 때 고개 돌려줘서 개꿀이긴 함ㅋㅋㅋ'}, {'user': '비염싫어', 'comment': '고개돌려야하는데 무적으로 통과해서 후열 다 죽이고 지만 살아남음'}]",https://arca.live/b/counterside/32064137,2021-08-15T16:09:58.000Z,53,0
32057546,클러스트,이거 버그 뭔데,,[],https://arca.live/b/counterside/32057546,2021-08-15T14:32:19.000Z,141,0
32042946,평생카사해,건 버그좀 빨리고쳐 시바아아알,왜 꼭 나 이길때만 지랄인건데 시발 ,,https://arca.live/b/counterside/32042946,2021-08-15T10:47:35.000Z,28,0
32040179,씨에스,건틀 버그 특징,출석보상이 x10되는 현상처럼유저들한테 유리한 버그면그날바로 점검때리고 버그 고쳤음지들한테 불리하면 존나 일 빨리하고지들한테 아무 상관없거나 유리하면담 패치까지 미룸,,https://arca.live/b/counterside/32040179,2021-08-15T10:01:21.000Z,55,-1
32038967,베버,요즘 카사 신기한거,뭔 버그야 씨발 욕하면서 포럼 들어가면 이미 적혀있음왜 일하는데,[],https://arca.live/b/counterside/32038967,2021-08-15T09:40:22.000Z,1086,41
32038853,암왕제군,지금 건 팅기고 기록 날아가는 거 죄다 버그 아냐?,애초에 카사 랜뽑 같은 게 안 되지 않음?상대가 나가도 건은 그냥 진행되고 오토 안켜져있으면아무거도 안 내면서 얻어맞다가 끝나지 않나,"[{'user': '토깡이', 'comment': '오류맞음'}, {'user': 'SS급경장딜포이', 'comment': '남은시간 15초안쪽에서 미니있고 궁이었나 머엿나쓰면 강종나는버그있음'}, {'user': '던붕이', 'comment': '오류지'}, {'user': 'Badfinger', 'comment': '어쨋든 미니스트라때매 나는 버그는 맞음'}, {'user': 'Kp34', 'comment': '미니가 문제임'}]",https://arca.live/b/counterside/32038853,2021-08-15T09:38:10.000Z,56,0
32037050,바닷방울,건틀렛 지금 버그있음???,시발거 상대 다 줘패놨더니 튕구고 없던일로 해버리는데???? pc클라라서 인터넷이나 기기이슈는 아닌거 같고,"[{'user': 'xile#17342824', 'comment': '버그공지 뜸. 난 안걸려서 뭔지는 잘 몰?루'}, {'user': 'xile#17342824', 'comment': '버그공지 뜸. 난 안걸려서 뭔지는 잘 몰?루'}, {'user': '바닷방울', 'comment': '진짜 고군분투해서 겨우 역전했는데 ㅅㅂㅋㅋㅋ'}]",https://arca.live/b/counterside/32037050,2021-08-15T09:04:15.000Z,48,0
32036393,개구리맛사탕,다이겼는데 갑자기 무효되서 뭔가했더니 버그였네,10초 남기고 완전히 승기 잡았는데 왜!!!!!!!,"[{'user': '종말#38406147', 'comment': '그떄 각성 뽑으면 서버 터지더라 병신겜  존나 고민됨 이걸 터쳐 시발???? 월랜 이기는건데 터칠까봐 그냥 오픈가고 시발 좆같음'}]",https://arca.live/b/counterside/32036393,2021-08-15T08:52:05.000Z,41,0
32032226,주블,건틀렛 버그 보상은 뭐 줘야 적당함?,난 기채 300장 정도면 좋을 것 같음 ,"[{'user': '하랍픽업좀', 'comment': '지난번처럼 건포 천 주겠지 뭐'}]",https://arca.live/b/counterside/32032226,2021-08-15T07:32:34.000Z,29,0
32019448,느검마비아그라먹방,셋/튜바 미지급 버그 또걸렸는 데스,"분명 셋바 20개 튜바 50개 지급이라 했는데 ""미지급"" 당했는 데챠앗","[{'user': '메론빵#23632297', 'comment': '이지수 고로시셋'}]",https://arca.live/b/counterside/32019448,2021-08-15T03:15:26.000Z,95,0
32019434,메론빵#23632297,아니 튜바랑 셋바조금돌렸는데 내 2천만크레딧어디갔음 ,내놔 이거버그아님? ,,https://arca.live/b/counterside/32019434,2021-08-15T03:15:00.000Z,33,0
32019357,야한눈나,머임? 이거 버그아님?,내 튜바 150개랑 셋바 50개 갑자기 어디감?,[],https://arca.live/b/counterside/32019357,2021-08-15T03:13:05.000Z,86,4
32015271,시금치를싫어하는시그마,길다가 마주친 여대생 폰에 카사가 켜져있던 건에 대하여,"""저기요..!!"" ?? 멀찍이서 나를 향해 손짓하는 20대초반으로 보이는 여성.나는 천천히 그녀에게 다가가 대답했다. ""무슨일이시죠?"" 시선을 회피한채 45도 각도로 내려가있는 그녀의 고개.""방금 뭐였던거죠! 초-기분 나쁘다구요!..."" 그녀의 볼에는 홍조가 발그레 띄워져있었다.얼떨떨하게 그녀를 지긋이 바라보며 잠깐의 정적이 흐른뒤 나는 천천히 입을 떼었다.""기밀채용에 분탕도 나옵니다.""그렇다, 채용유닛풀을 확인안하고 버그라느니 뭐니.. 중얼대는 그녀를 보고 코웃음 치고 지나간걸 들은것이다.""흥.. 그까짓거 처음부터 다 알고있었다구 이 기분나쁜 아저씨!"" 그녀는 양손을 골반에 얹고선 심술이 난듯한 표정을 지었다.""이런이런.. 아까전의 상황은 그쪽이 귀여워서.. 조금 웃어버렸습니다만?"" 그녀의 눈은 갑자기 휘둥그레졌다.""그, 그 그런 말을 갑자기!!"" 그녀는 입을 꾹 다문채 어쩔줄을 몰라하였다.나는 손을 뻗어 그녀의 휴대폰(갤럭시노트)에서 펜을 꺼내 꺼진화면 메모에 내 아이디를 재빨리 적어주었다.""가 갑자기 뭐야! 초 헨타이처럼 생겨가지고!! 나 소리질러버릴거라구!!"" 놀란 그녀는 휴대폰을 잽싸게 가져가며 나를 밀쳐내었다.""어이어이 귀여운 아가씨 진정하라구 그건 그저 우리 컨소 이름 이였을뿐이라고?"" 나는 손사레를 치며 멋쩍은 미소를 지었다.""네까짓 아저씨녀석 컨소시움따위 하~나도 안궁금했다구요 흥!"" 그녀는 입을 쭉 내민채 등을 돌려 떠나려고 하였다.""오늘 밤 10시 20분 구인글에서 기다리겠습니다, 아가씨."" 멀찍이서 보이는 그녀의 입가에는 왠지모를 미소가 지어져있었다.",[],https://arca.live/b/counterside/32015271,2021-08-15T01:25:56.000Z,149,5
32011815,베로니카#38448647,"주인님, 개발자노트 요약입니다.","좋은 아침이네요, 주인님.송구스럽지만 이번에도 꽤 늦게 뵙게 되어버렸네요.다음에는 최대한 늦지않도록 노력해보겠습니다.일단 제 요약은 최대한 실용적인 내용만 뽑아서 설명하기 때문에 그 점 유의해주시길 바랍니다.잡설은 이만하고, 개발자노트 요약 시작하겠습니다.- 기숙사 꾸미기▶구상부터 개발까지 약 8개월이 걸린 기숙사 시스템이 드디어 공개됩니다.▼기숙사 예시▶다만, 현재 그래픽 겹침 버그가 발생하고 있고, 9월달쯤에 수정하는 점 양해 부탁드립니다.▼예시- 가구 판매 정책▶기존에 세트 판매 기간이 지난 가구는 랜덤박스로 취합될 예정이였으나, 할인이 종료된 채 상점에 단품으로 남게 되며 개별 확정 구매가 가능합니다.▶일부 한정 가구는 세트 판매로만 획득할 수 있지만, 대신 높은 할인율을 적용받으니 기간 내에 구입하셔서 혜택을 누리시기를 바랍니다.▼가구 판매 예시- 본사 시설과 교류 기능▶UX 개편을 거치며 연구소와 같은 본사 시설의 역할이 많이 축소가 되어있기에, 관련 기능을 빠르게 보강하고 더 충실한 시스템으로 만들고자 합니다.▼본사 시설 예시▶교류 기능은 원래는 협력사 소대 이용으로만 수급되던 [협력사의 명함] 수급의 주요 역할을 하게됩니다.▶대신 협력사 소대 보상에서 명함 수령을 없애고 미션으로 기간 내 수급량을 조절하게 변경했습니다.- 채용 정책 개편▶앞으로 유료 사원 채용 (수시 채용/픽업 채용/이벤트 채용 등) 에서 N등급이 등장하지 않습니다.▶이는 주인 없는 명함을 더욱 원활하게 수급하도록 만들고, 전체적인 명함의 활용처가 확장되지만 이전처럼 주마다 일정량의 파밍을 강제하지 않기 위해 고민한 결과입니다.▶앞서 말씀드린 유료 채용에서 N등급이 삭제됨과 동시에 순수 솔저, 메카닉 그룹과 일부 유닛이 제외됩니다. 링컨, 선더볼트, 건쉽과 같은 SSR이나 일부 SR 등급 솔저, 메카닉들 역시 제외되며 파밍 콘텐츠를 통해 얻을 수 있도록 정책이 변경됩니다.▶해당 유닛들은 파견 채용이라는 신규 채용 풀에 포함되며, 파견 채용은 앞서 말씀드린 [협력사의 명함]을 통해 시도할 수 있습니다.▶파견 채용은 SR 이하의 유닛으로 구성되어 있고, 일부 유닛의 한정적인 획득처로 기능함과 동시에 주인없는 명함의 수급처 중 하나로 자리잡게 됩니다.▼상품이 바뀌는 명함 상점- 강화이식 제거와 트로피 역할 변경▶강화이식이 없어짐으로 인해 쓸모없어진 트로피는 해고 시 크레딧을 얻도록 변경됩니다.▶슈퍼 스테이크 : 레어는 로비 장식용으로 분류되어 미니 유닛과 함께 시즌포인트로 획득하실 수 있습니다.- 초반 레벨 디자인과 콘텐츠 정책 조정▶그동안 적재된 데이터와 의견을 기반으로 초반부 개편을 진행하게 되었습니다.▶이번 1.5주년에 모든 예정 사항을 반영하진 못한 만큼, 가이드 미션과 신규 유저 미션 리뉴얼 등도 지속적으로 진행할 예정입니다.- 스킨 판매 정책 개선▶조금씩이지만 더 자주 다양한 스킨을 공개하고자 일정을 조정하고 있습니다.▼신규 상설 스킨 2종의 크롭샷이상으로 개발자노트 요약을 마칩니다.사실, 개발자노트 요약은 쓸까말까 정말 고민을 했습니다.그래봤자 핵심 내용을 추려서 복사해서는 붙여넣고 몇글자 바꾼게 전부니까요.그래도 주인님이라면 이런 저라도, 이런 제가 쓴 글이라도 즐겁게 봐주시니까 짧고 긴 고민 끝에 작성하게 되었답니다.끝에도 잡설이 길어졌네요, 그럼 좋은 하루 보내세요 주인님.2주년까지 꼭 함께했으면 좋겠네요.",[],https://arca.live/b/counterside/32011815,2021-08-14T22:13:51.000Z,1634,53
32001514,열상#95061195,기숙사 나오기 2일 전 ㅋㅋㅋㅋㅋ,애사심 복사버그 사용준비 끝,[],https://arca.live/b/counterside/32001514,2021-08-14T15:31:37.000Z,70,0
31985148,하랍픽업좀,솔직히 1.5주년 업뎃 하면,서버 렉 감당 될지 걱정 되긴 함장비프리셋 처음 나왔을때 서버 곱창난거 기억나지?살짝 걱정 됨잔버그도 있을 거 같고,"[{'user': '종말#38406147', 'comment': '어차피 버그 패치한다 잖아 가구 버그 ㅋㅋㅋㅋㅋ'}, {'user': '왜그래쪙#59517723', 'comment': '1.5주년이라고 해봤자 별로 대단한 업뎃 하는 것도 아닌데 사람도 안 모일 거 같은데'}]",https://arca.live/b/counterside/31985148,2021-08-14T11:12:41.000Z,63,0
31983089,쿵쿵홍,아 내가 왜 카린을 꼭 가지고 싶어했는지 알겠다,얼굴이랑 스킨이랑 몸매도 몸매인데시발 무기가 개 쩔어줘서 그랬음소총 쏘다가 거리 멀어지면 장비 착착 껴서 저격하고 단독으로 사용 가능한 함선이 쫙 나와서 포격하는 궁이 너무 멋져서였음ㄹㅇ 전문가같은 느낌이 들어서 좋아했었는데하필 그때는 상향 전이라서 타겟팅 버그에 궁 사거리가 좆병신이더라 카린이 시절에는 건 덱에 카린 리더 해놓고 하루종일 했었는데 추억이노 ,[],https://arca.live/b/counterside/31983089,2021-08-14T10:34:34.000Z,88,0
31977356,느검마비아그라먹방,쿠폰 튜바 지급 안되는 버그있음,버튼 세번 누르니까 사라짐,[],https://arca.live/b/counterside/31977356,2021-08-14T08:42:15.000Z,112,8
